--
-- PostgreSQL database dump
--

-- Dumped from database version 17.5 (Homebrew)
-- Dumped by pg_dump version 17.5 (Homebrew)

SET statement_timeout = 0;
SET lock_timeout = 0;
SET idle_in_transaction_session_timeout = 0;
SET transaction_timeout = 0;
SET client_encoding = 'UTF8';
SET standard_conforming_strings = on;
SELECT pg_catalog.set_config('search_path', '', false);
SET check_function_bodies = false;
SET xmloption = content;
SET client_min_messages = warning;
SET row_security = off;

DROP DATABASE IF EXISTS postgres;
--
-- Name: postgres; Type: DATABASE; Schema: -; Owner: Crist
--

CREATE DATABASE postgres WITH TEMPLATE = template0 ENCODING = 'UTF8' LOCALE_PROVIDER = libc LOCALE = 'C';


ALTER DATABASE postgres OWNER TO "Crist";

\connect postgres

SET statement_timeout = 0;
SET lock_timeout = 0;
SET idle_in_transaction_session_timeout = 0;
SET transaction_timeout = 0;
SET client_encoding = 'UTF8';
SET standard_conforming_strings = on;
SELECT pg_catalog.set_config('search_path', '', false);
SET check_function_bodies = false;
SET xmloption = content;
SET client_min_messages = warning;
SET row_security = off;

--
-- Name: DATABASE postgres; Type: COMMENT; Schema: -; Owner: Crist
--

COMMENT ON DATABASE postgres IS 'default administrative connection database';


--
-- Name: postgis; Type: EXTENSION; Schema: -; Owner: -
--

CREATE EXTENSION IF NOT EXISTS postgis WITH SCHEMA public;


--
-- Name: EXTENSION postgis; Type: COMMENT; Schema: -; Owner: 
--

COMMENT ON EXTENSION postgis IS 'PostGIS geometry and geography spatial types and functions';


SET default_tablespace = '';

SET default_table_access_method = heap;

--
-- Name: auth_group; Type: TABLE; Schema: public; Owner: Crist
--

CREATE TABLE public.auth_group (
    id integer NOT NULL,
    name character varying(150) NOT NULL
);


ALTER TABLE public.auth_group OWNER TO "Crist";

--
-- Name: auth_group_id_seq; Type: SEQUENCE; Schema: public; Owner: Crist
--

ALTER TABLE public.auth_group ALTER COLUMN id ADD GENERATED BY DEFAULT AS IDENTITY (
    SEQUENCE NAME public.auth_group_id_seq
    START WITH 1
    INCREMENT BY 1
    NO MINVALUE
    NO MAXVALUE
    CACHE 1
);


--
-- Name: auth_group_permissions; Type: TABLE; Schema: public; Owner: Crist
--

CREATE TABLE public.auth_group_permissions (
    id bigint NOT NULL,
    group_id integer NOT NULL,
    permission_id integer NOT NULL
);


ALTER TABLE public.auth_group_permissions OWNER TO "Crist";

--
-- Name: auth_group_permissions_id_seq; Type: SEQUENCE; Schema: public; Owner: Crist
--

ALTER TABLE public.auth_group_permissions ALTER COLUMN id ADD GENERATED BY DEFAULT AS IDENTITY (
    SEQUENCE NAME public.auth_group_permissions_id_seq
    START WITH 1
    INCREMENT BY 1
    NO MINVALUE
    NO MAXVALUE
    CACHE 1
);


--
-- Name: auth_permission; Type: TABLE; Schema: public; Owner: Crist
--

CREATE TABLE public.auth_permission (
    id integer NOT NULL,
    name character varying(255) NOT NULL,
    content_type_id integer NOT NULL,
    codename character varying(100) NOT NULL
);


ALTER TABLE public.auth_permission OWNER TO "Crist";

--
-- Name: auth_permission_id_seq; Type: SEQUENCE; Schema: public; Owner: Crist
--

ALTER TABLE public.auth_permission ALTER COLUMN id ADD GENERATED BY DEFAULT AS IDENTITY (
    SEQUENCE NAME public.auth_permission_id_seq
    START WITH 1
    INCREMENT BY 1
    NO MINVALUE
    NO MAXVALUE
    CACHE 1
);


--
-- Name: auth_user; Type: TABLE; Schema: public; Owner: Crist
--

CREATE TABLE public.auth_user (
    id integer NOT NULL,
    password character varying(128) NOT NULL,
    last_login timestamp with time zone,
    is_superuser boolean NOT NULL,
    username character varying(150) NOT NULL,
    first_name character varying(150) NOT NULL,
    last_name character varying(150) NOT NULL,
    email character varying(254) NOT NULL,
    is_staff boolean NOT NULL,
    is_active boolean NOT NULL,
    date_joined timestamp with time zone NOT NULL
);


ALTER TABLE public.auth_user OWNER TO "Crist";

--
-- Name: auth_user_groups; Type: TABLE; Schema: public; Owner: Crist
--

CREATE TABLE public.auth_user_groups (
    id bigint NOT NULL,
    user_id integer NOT NULL,
    group_id integer NOT NULL
);


ALTER TABLE public.auth_user_groups OWNER TO "Crist";

--
-- Name: auth_user_groups_id_seq; Type: SEQUENCE; Schema: public; Owner: Crist
--

ALTER TABLE public.auth_user_groups ALTER COLUMN id ADD GENERATED BY DEFAULT AS IDENTITY (
    SEQUENCE NAME public.auth_user_groups_id_seq
    START WITH 1
    INCREMENT BY 1
    NO MINVALUE
    NO MAXVALUE
    CACHE 1
);


--
-- Name: auth_user_id_seq; Type: SEQUENCE; Schema: public; Owner: Crist
--

ALTER TABLE public.auth_user ALTER COLUMN id ADD GENERATED BY DEFAULT AS IDENTITY (
    SEQUENCE NAME public.auth_user_id_seq
    START WITH 1
    INCREMENT BY 1
    NO MINVALUE
    NO MAXVALUE
    CACHE 1
);


--
-- Name: auth_user_user_permissions; Type: TABLE; Schema: public; Owner: Crist
--

CREATE TABLE public.auth_user_user_permissions (
    id bigint NOT NULL,
    user_id integer NOT NULL,
    permission_id integer NOT NULL
);


ALTER TABLE public.auth_user_user_permissions OWNER TO "Crist";

--
-- Name: auth_user_user_permissions_id_seq; Type: SEQUENCE; Schema: public; Owner: Crist
--

ALTER TABLE public.auth_user_user_permissions ALTER COLUMN id ADD GENERATED BY DEFAULT AS IDENTITY (
    SEQUENCE NAME public.auth_user_user_permissions_id_seq
    START WITH 1
    INCREMENT BY 1
    NO MINVALUE
    NO MAXVALUE
    CACHE 1
);


--
-- Name: calendarios; Type: TABLE; Schema: public; Owner: Crist
--

CREATE TABLE public.calendarios (
    id_calendario integer NOT NULL,
    cuerpo text NOT NULL,
    fecha date NOT NULL,
    hora time without time zone NOT NULL,
    titulo character varying(20) NOT NULL,
    duracion interval NOT NULL,
    subtitulo character varying(160),
    todo_el_dia boolean DEFAULT false NOT NULL,
    categoria_noticia integer NOT NULL,
    creado_at timestamp with time zone DEFAULT now() NOT NULL,
    CONSTRAINT calendarios_duracion_check CHECK ((duracion >= '00:30:00'::interval))
);


ALTER TABLE public.calendarios OWNER TO "Crist";

--
-- Name: calendarios_id_calendario_seq; Type: SEQUENCE; Schema: public; Owner: Crist
--

CREATE SEQUENCE public.calendarios_id_calendario_seq
    AS integer
    START WITH 1
    INCREMENT BY 1
    NO MINVALUE
    NO MAXVALUE
    CACHE 1;


ALTER SEQUENCE public.calendarios_id_calendario_seq OWNER TO "Crist";

--
-- Name: calendarios_id_calendario_seq; Type: SEQUENCE OWNED BY; Schema: public; Owner: Crist
--

ALTER SEQUENCE public.calendarios_id_calendario_seq OWNED BY public.calendarios.id_calendario;


--
-- Name: categoria_noticias; Type: TABLE; Schema: public; Owner: Crist
--

CREATE TABLE public.categoria_noticias (
    id_categoria_noticias integer NOT NULL,
    categoria character varying(60) NOT NULL,
    color_hex character(7) NOT NULL,
    CONSTRAINT categoria_noticias_color_hex_check CHECK ((color_hex ~ '^#[0-9A-Fa-f]{6}$'::text))
);


ALTER TABLE public.categoria_noticias OWNER TO "Crist";

--
-- Name: categoria_noticias_id_categoria_noticias_seq; Type: SEQUENCE; Schema: public; Owner: Crist
--

CREATE SEQUENCE public.categoria_noticias_id_categoria_noticias_seq
    AS integer
    START WITH 1
    INCREMENT BY 1
    NO MINVALUE
    NO MAXVALUE
    CACHE 1;


ALTER SEQUENCE public.categoria_noticias_id_categoria_noticias_seq OWNER TO "Crist";

--
-- Name: categoria_noticias_id_categoria_noticias_seq; Type: SEQUENCE OWNED BY; Schema: public; Owner: Crist
--

ALTER SEQUENCE public.categoria_noticias_id_categoria_noticias_seq OWNED BY public.categoria_noticias.id_categoria_noticias;


--
-- Name: categoria_residuos; Type: TABLE; Schema: public; Owner: Crist
--

CREATE TABLE public.categoria_residuos (
    id_categoria_residuo integer NOT NULL,
    categoria character varying(60) NOT NULL,
    color_hex character(7) NOT NULL,
    CONSTRAINT categoria_residuos_color_hex_check CHECK ((color_hex ~ '^#[0-9A-Fa-f]{6}$'::text))
);


ALTER TABLE public.categoria_residuos OWNER TO "Crist";

--
-- Name: categoria_residuos_id_categoria_residuo_seq; Type: SEQUENCE; Schema: public; Owner: Crist
--

CREATE SEQUENCE public.categoria_residuos_id_categoria_residuo_seq
    AS integer
    START WITH 1
    INCREMENT BY 1
    NO MINVALUE
    NO MAXVALUE
    CACHE 1;


ALTER SEQUENCE public.categoria_residuos_id_categoria_residuo_seq OWNER TO "Crist";

--
-- Name: categoria_residuos_id_categoria_residuo_seq; Type: SEQUENCE OWNED BY; Schema: public; Owner: Crist
--

ALTER SEQUENCE public.categoria_residuos_id_categoria_residuo_seq OWNED BY public.categoria_residuos.id_categoria_residuo;


--
-- Name: contenedores; Type: TABLE; Schema: public; Owner: Crist
--

CREATE TABLE public.contenedores (
    id_contenedor integer NOT NULL,
    nombre_contenedor character varying(50) NOT NULL,
    color_contenedor character varying(20) NOT NULL,
    capacidad_total numeric(8,2),
    fecha_instalacion date DEFAULT (now())::date,
    ultimo_vaciado timestamp without time zone,
    descripcion_ubicacion text,
    id_zona integer,
    id_residuo integer,
    id_mapa integer,
    coordenada public.geometry(Point,4326) NOT NULL,
    CONSTRAINT contenedores_coordenda_check CHECK (((public.geometrytype(coordenada) = 'POINT'::text) AND (public.st_srid(coordenada) = 4326)))
);


ALTER TABLE public.contenedores OWNER TO "Crist";

--
-- Name: contenedores_id_contenedor_seq; Type: SEQUENCE; Schema: public; Owner: Crist
--

CREATE SEQUENCE public.contenedores_id_contenedor_seq
    AS integer
    START WITH 1
    INCREMENT BY 1
    NO MINVALUE
    NO MAXVALUE
    CACHE 1;


ALTER SEQUENCE public.contenedores_id_contenedor_seq OWNER TO "Crist";

--
-- Name: contenedores_id_contenedor_seq; Type: SEQUENCE OWNED BY; Schema: public; Owner: Crist
--

ALTER SEQUENCE public.contenedores_id_contenedor_seq OWNED BY public.contenedores.id_contenedor;


--
-- Name: direcciones; Type: TABLE; Schema: public; Owner: Crist
--

CREATE TABLE public.direcciones (
    id_direccion integer NOT NULL,
    calle character varying(100),
    numero character varying(10),
    barrio character varying(50),
    ciudad character varying(50),
    codigo_postal character varying(20),
    provincia character varying(100),
    pais character varying(50),
    coordenada public.geometry(Point,4326) NOT NULL,
    CONSTRAINT direcciones_coordenada_check CHECK (((public.geometrytype(coordenada) = 'POINT'::text) AND (public.st_srid(coordenada) = 4326)))
);


ALTER TABLE public.direcciones OWNER TO "Crist";

--
-- Name: direcciones_id_direccion_seq; Type: SEQUENCE; Schema: public; Owner: Crist
--

CREATE SEQUENCE public.direcciones_id_direccion_seq
    AS integer
    START WITH 1
    INCREMENT BY 1
    NO MINVALUE
    NO MAXVALUE
    CACHE 1;


ALTER SEQUENCE public.direcciones_id_direccion_seq OWNER TO "Crist";

--
-- Name: direcciones_id_direccion_seq; Type: SEQUENCE OWNED BY; Schema: public; Owner: Crist
--

ALTER SEQUENCE public.direcciones_id_direccion_seq OWNED BY public.direcciones.id_direccion;


--
-- Name: django_admin_log; Type: TABLE; Schema: public; Owner: Crist
--

CREATE TABLE public.django_admin_log (
    id integer NOT NULL,
    action_time timestamp with time zone NOT NULL,
    object_id text,
    object_repr character varying(200) NOT NULL,
    action_flag smallint NOT NULL,
    change_message text NOT NULL,
    content_type_id integer,
    user_id integer NOT NULL,
    CONSTRAINT django_admin_log_action_flag_check CHECK ((action_flag >= 0))
);


ALTER TABLE public.django_admin_log OWNER TO "Crist";

--
-- Name: django_admin_log_id_seq; Type: SEQUENCE; Schema: public; Owner: Crist
--

ALTER TABLE public.django_admin_log ALTER COLUMN id ADD GENERATED BY DEFAULT AS IDENTITY (
    SEQUENCE NAME public.django_admin_log_id_seq
    START WITH 1
    INCREMENT BY 1
    NO MINVALUE
    NO MAXVALUE
    CACHE 1
);


--
-- Name: django_content_type; Type: TABLE; Schema: public; Owner: Crist
--

CREATE TABLE public.django_content_type (
    id integer NOT NULL,
    app_label character varying(100) NOT NULL,
    model character varying(100) NOT NULL
);


ALTER TABLE public.django_content_type OWNER TO "Crist";

--
-- Name: django_content_type_id_seq; Type: SEQUENCE; Schema: public; Owner: Crist
--

ALTER TABLE public.django_content_type ALTER COLUMN id ADD GENERATED BY DEFAULT AS IDENTITY (
    SEQUENCE NAME public.django_content_type_id_seq
    START WITH 1
    INCREMENT BY 1
    NO MINVALUE
    NO MAXVALUE
    CACHE 1
);


--
-- Name: django_migrations; Type: TABLE; Schema: public; Owner: Crist
--

CREATE TABLE public.django_migrations (
    id bigint NOT NULL,
    app character varying(255) NOT NULL,
    name character varying(255) NOT NULL,
    applied timestamp with time zone NOT NULL
);


ALTER TABLE public.django_migrations OWNER TO "Crist";

--
-- Name: django_migrations_id_seq; Type: SEQUENCE; Schema: public; Owner: Crist
--

ALTER TABLE public.django_migrations ALTER COLUMN id ADD GENERATED BY DEFAULT AS IDENTITY (
    SEQUENCE NAME public.django_migrations_id_seq
    START WITH 1
    INCREMENT BY 1
    NO MINVALUE
    NO MAXVALUE
    CACHE 1
);


--
-- Name: django_session; Type: TABLE; Schema: public; Owner: Crist
--

CREATE TABLE public.django_session (
    session_key character varying(40) NOT NULL,
    session_data text NOT NULL,
    expire_date timestamp with time zone NOT NULL
);


ALTER TABLE public.django_session OWNER TO "Crist";

--
-- Name: sensor_estado_historial; Type: TABLE; Schema: public; Owner: Crist
--

CREATE TABLE public.sensor_estado_historial (
    id_estado integer NOT NULL,
    fecha_estado timestamp without time zone,
    id_sensor integer,
    id_sensor_estado_tipo integer
);


ALTER TABLE public.sensor_estado_historial OWNER TO "Crist";

--
-- Name: estados_id_estado_seq; Type: SEQUENCE; Schema: public; Owner: Crist
--

CREATE SEQUENCE public.estados_id_estado_seq
    AS integer
    START WITH 1
    INCREMENT BY 1
    NO MINVALUE
    NO MAXVALUE
    CACHE 1;


ALTER SEQUENCE public.estados_id_estado_seq OWNER TO "Crist";

--
-- Name: estados_id_estado_seq; Type: SEQUENCE OWNED BY; Schema: public; Owner: Crist
--

ALTER SEQUENCE public.estados_id_estado_seq OWNED BY public.sensor_estado_historial.id_estado;


--
-- Name: excepciones_recolecciones; Type: TABLE; Schema: public; Owner: Crist
--

CREATE TABLE public.excepciones_recolecciones (
    id_excepciones_recoleccion integer NOT NULL,
    fecha smallint NOT NULL,
    hora_inicio time without time zone NOT NULL,
    hora_fin time without time zone NOT NULL,
    tipo text NOT NULL,
    nueva_fecha date NOT NULL,
    nuevo_inicio time without time zone NOT NULL,
    nuevo_fin time without time zone NOT NULL,
    motivo text NOT NULL,
    id_horario_recoleccion integer,
    CONSTRAINT excepciones_recolecciones_check CHECK ((nuevo_fin > nuevo_inicio)),
    CONSTRAINT excepciones_recolecciones_fecha_check CHECK (((fecha >= 0) AND (fecha <= 6))),
    CONSTRAINT excepciones_recolecciones_tipo_check CHECK ((tipo = ANY (ARRAY['CANCELA'::text, 'AGREGA'::text, 'REEMPLAZA'::text, 'REPROGRAMA'::text])))
);


ALTER TABLE public.excepciones_recolecciones OWNER TO "Crist";

--
-- Name: excepciones_recolecciones_id_excepciones_recoleccion_seq; Type: SEQUENCE; Schema: public; Owner: Crist
--

CREATE SEQUENCE public.excepciones_recolecciones_id_excepciones_recoleccion_seq
    AS integer
    START WITH 1
    INCREMENT BY 1
    NO MINVALUE
    NO MAXVALUE
    CACHE 1;


ALTER SEQUENCE public.excepciones_recolecciones_id_excepciones_recoleccion_seq OWNER TO "Crist";

--
-- Name: excepciones_recolecciones_id_excepciones_recoleccion_seq; Type: SEQUENCE OWNED BY; Schema: public; Owner: Crist
--

ALTER SEQUENCE public.excepciones_recolecciones_id_excepciones_recoleccion_seq OWNED BY public.excepciones_recolecciones.id_excepciones_recoleccion;


--
-- Name: horarios_recoleccion; Type: TABLE; Schema: public; Owner: Crist
--

CREATE TABLE public.horarios_recoleccion (
    id_horario_recoleccion integer NOT NULL,
    hora_inicio time without time zone NOT NULL,
    hora_fin time without time zone NOT NULL,
    dia_semana smallint NOT NULL,
    id_zona integer,
    id_categoria_residuo integer,
    CONSTRAINT horarios_recoleccion_dia_semana_check CHECK (((dia_semana >= 0) AND (dia_semana <= 6))),
    CONSTRAINT horarios_recoleccion_hora_fin_check CHECK ((hora_fin > hora_inicio))
);


ALTER TABLE public.horarios_recoleccion OWNER TO "Crist";

--
-- Name: horarios_recoleccion_id_horario_recoleccion_seq; Type: SEQUENCE; Schema: public; Owner: Crist
--

CREATE SEQUENCE public.horarios_recoleccion_id_horario_recoleccion_seq
    AS integer
    START WITH 1
    INCREMENT BY 1
    NO MINVALUE
    NO MAXVALUE
    CACHE 1;


ALTER SEQUENCE public.horarios_recoleccion_id_horario_recoleccion_seq OWNER TO "Crist";

--
-- Name: horarios_recoleccion_id_horario_recoleccion_seq; Type: SEQUENCE OWNED BY; Schema: public; Owner: Crist
--

ALTER SEQUENCE public.horarios_recoleccion_id_horario_recoleccion_seq OWNED BY public.horarios_recoleccion.id_horario_recoleccion;


--
-- Name: mapas; Type: TABLE; Schema: public; Owner: Crist
--

CREATE TABLE public.mapas (
    id_mapa integer NOT NULL,
    nombre_mapa character varying(50) NOT NULL,
    center public.geometry(Point,4326) NOT NULL,
    bbox public.geometry(Polygon,4326) NOT NULL,
    zoom_inicial numeric(4,1) DEFAULT 12.0 NOT NULL,
    zoom_min numeric(4,1) DEFAULT 9.0 NOT NULL,
    zoom_max numeric(4,1) DEFAULT 18.0 NOT NULL
);


ALTER TABLE public.mapas OWNER TO "Crist";

--
-- Name: mapas_id_mapa_seq; Type: SEQUENCE; Schema: public; Owner: Crist
--

CREATE SEQUENCE public.mapas_id_mapa_seq
    AS integer
    START WITH 1
    INCREMENT BY 1
    NO MINVALUE
    NO MAXVALUE
    CACHE 1;


ALTER SEQUENCE public.mapas_id_mapa_seq OWNER TO "Crist";

--
-- Name: mapas_id_mapa_seq; Type: SEQUENCE OWNED BY; Schema: public; Owner: Crist
--

ALTER SEQUENCE public.mapas_id_mapa_seq OWNED BY public.mapas.id_mapa;


--
-- Name: medicion_sensores; Type: TABLE; Schema: public; Owner: Crist
--

CREATE TABLE public.medicion_sensores (
    id_medicion_sensor integer NOT NULL,
    fecha_hora_medicion timestamp without time zone NOT NULL,
    porcentaje_ocupacion numeric(5,2),
    volumen_medido numeric(8,2),
    alerta_generada boolean,
    id_sensor integer NOT NULL,
    id_contenedor integer NOT NULL
);


ALTER TABLE public.medicion_sensores OWNER TO "Crist";

--
-- Name: medicion_sensores_id_medicion_sensor_seq; Type: SEQUENCE; Schema: public; Owner: Crist
--

CREATE SEQUENCE public.medicion_sensores_id_medicion_sensor_seq
    AS integer
    START WITH 1
    INCREMENT BY 1
    NO MINVALUE
    NO MAXVALUE
    CACHE 1;


ALTER SEQUENCE public.medicion_sensores_id_medicion_sensor_seq OWNER TO "Crist";

--
-- Name: medicion_sensores_id_medicion_sensor_seq; Type: SEQUENCE OWNED BY; Schema: public; Owner: Crist
--

ALTER SEQUENCE public.medicion_sensores_id_medicion_sensor_seq OWNED BY public.medicion_sensores.id_medicion_sensor;


--
-- Name: notificaciones; Type: TABLE; Schema: public; Owner: Crist
--

CREATE TABLE public.notificaciones (
    id_notificacion integer NOT NULL,
    mensaje text NOT NULL,
    fecha_envio timestamp without time zone NOT NULL,
    tipo_notificacion character varying(30)
);


ALTER TABLE public.notificaciones OWNER TO "Crist";

--
-- Name: notificaciones_id_notificacion_seq; Type: SEQUENCE; Schema: public; Owner: Crist
--

CREATE SEQUENCE public.notificaciones_id_notificacion_seq
    AS integer
    START WITH 1
    INCREMENT BY 1
    NO MINVALUE
    NO MAXVALUE
    CACHE 1;


ALTER SEQUENCE public.notificaciones_id_notificacion_seq OWNER TO "Crist";

--
-- Name: notificaciones_id_notificacion_seq; Type: SEQUENCE OWNED BY; Schema: public; Owner: Crist
--

ALTER SEQUENCE public.notificaciones_id_notificacion_seq OWNED BY public.notificaciones.id_notificacion;


--
-- Name: registro_recolecciones; Type: TABLE; Schema: public; Owner: Crist
--

CREATE TABLE public.registro_recolecciones (
    id_registro_recoleccion integer NOT NULL,
    volumen numeric(8,2) NOT NULL,
    fecha_hora_recoleccion timestamp without time zone NOT NULL,
    observaciones text,
    id_contenedor integer NOT NULL,
    id_residuo integer NOT NULL,
    id_zona integer NOT NULL,
    id_usuario integer NOT NULL
);


ALTER TABLE public.registro_recolecciones OWNER TO "Crist";

--
-- Name: registro_recolecciones_id_registro_recoleccion_seq; Type: SEQUENCE; Schema: public; Owner: Crist
--

CREATE SEQUENCE public.registro_recolecciones_id_registro_recoleccion_seq
    AS integer
    START WITH 1
    INCREMENT BY 1
    NO MINVALUE
    NO MAXVALUE
    CACHE 1;


ALTER SEQUENCE public.registro_recolecciones_id_registro_recoleccion_seq OWNER TO "Crist";

--
-- Name: registro_recolecciones_id_registro_recoleccion_seq; Type: SEQUENCE OWNED BY; Schema: public; Owner: Crist
--

ALTER SEQUENCE public.registro_recolecciones_id_registro_recoleccion_seq OWNED BY public.registro_recolecciones.id_registro_recoleccion;


--
-- Name: residuos; Type: TABLE; Schema: public; Owner: Crist
--

CREATE TABLE public.residuos (
    id_residuo integer NOT NULL,
    nombre character varying(50) NOT NULL,
    peso numeric(6,2),
    instruccion_reciclado text,
    descripcion text,
    id_categoria_residuos integer,
    color_hex character(7) NOT NULL,
    CONSTRAINT residuos_color_hex_check CHECK ((color_hex ~ '^#[0-9A-Fa-f]{6}$'::text))
);


ALTER TABLE public.residuos OWNER TO "Crist";

--
-- Name: residuos_id_residuo_seq; Type: SEQUENCE; Schema: public; Owner: Crist
--

CREATE SEQUENCE public.residuos_id_residuo_seq
    AS integer
    START WITH 1
    INCREMENT BY 1
    NO MINVALUE
    NO MAXVALUE
    CACHE 1;


ALTER SEQUENCE public.residuos_id_residuo_seq OWNER TO "Crist";

--
-- Name: residuos_id_residuo_seq; Type: SEQUENCE OWNED BY; Schema: public; Owner: Crist
--

ALTER SEQUENCE public.residuos_id_residuo_seq OWNED BY public.residuos.id_residuo;


--
-- Name: sensor_estados_tipos; Type: TABLE; Schema: public; Owner: Crist
--

CREATE TABLE public.sensor_estados_tipos (
    id_sensor_estado_tipos integer NOT NULL,
    estado character varying(60) NOT NULL,
    descripcion text NOT NULL,
    severidad smallint NOT NULL
);


ALTER TABLE public.sensor_estados_tipos OWNER TO "Crist";

--
-- Name: sensor_estados_tipos_id_sensor_estado_tipos_seq; Type: SEQUENCE; Schema: public; Owner: Crist
--

CREATE SEQUENCE public.sensor_estados_tipos_id_sensor_estado_tipos_seq
    AS integer
    START WITH 1
    INCREMENT BY 1
    NO MINVALUE
    NO MAXVALUE
    CACHE 1;


ALTER SEQUENCE public.sensor_estados_tipos_id_sensor_estado_tipos_seq OWNER TO "Crist";

--
-- Name: sensor_estados_tipos_id_sensor_estado_tipos_seq; Type: SEQUENCE OWNED BY; Schema: public; Owner: Crist
--

ALTER SEQUENCE public.sensor_estados_tipos_id_sensor_estado_tipos_seq OWNED BY public.sensor_estados_tipos.id_sensor_estado_tipos;


--
-- Name: sensores; Type: TABLE; Schema: public; Owner: Crist
--

CREATE TABLE public.sensores (
    id_sensor integer NOT NULL,
    nombre_sensor character varying(50) NOT NULL,
    fecha_instalacion_sensor date,
    numero_serie character varying(100) NOT NULL,
    id_contenedor integer
);


ALTER TABLE public.sensores OWNER TO "Crist";

--
-- Name: sensores_id_sensor_seq; Type: SEQUENCE; Schema: public; Owner: Crist
--

CREATE SEQUENCE public.sensores_id_sensor_seq
    AS integer
    START WITH 1
    INCREMENT BY 1
    NO MINVALUE
    NO MAXVALUE
    CACHE 1;


ALTER SEQUENCE public.sensores_id_sensor_seq OWNER TO "Crist";

--
-- Name: sensores_id_sensor_seq; Type: SEQUENCE OWNED BY; Schema: public; Owner: Crist
--

ALTER SEQUENCE public.sensores_id_sensor_seq OWNED BY public.sensores.id_sensor;


--
-- Name: tipo_usuarios; Type: TABLE; Schema: public; Owner: Crist
--

CREATE TABLE public.tipo_usuarios (
    id_tipo_usuario integer NOT NULL,
    tipo_usuario character varying(50) NOT NULL
);


ALTER TABLE public.tipo_usuarios OWNER TO "Crist";

--
-- Name: tipo_usuarios_id_tipo_usuario_seq; Type: SEQUENCE; Schema: public; Owner: Crist
--

CREATE SEQUENCE public.tipo_usuarios_id_tipo_usuario_seq
    AS integer
    START WITH 1
    INCREMENT BY 1
    NO MINVALUE
    NO MAXVALUE
    CACHE 1;


ALTER SEQUENCE public.tipo_usuarios_id_tipo_usuario_seq OWNER TO "Crist";

--
-- Name: tipo_usuarios_id_tipo_usuario_seq; Type: SEQUENCE OWNED BY; Schema: public; Owner: Crist
--

ALTER SEQUENCE public.tipo_usuarios_id_tipo_usuario_seq OWNED BY public.tipo_usuarios.id_tipo_usuario;


--
-- Name: umbral_llenado; Type: TABLE; Schema: public; Owner: Crist
--

CREATE TABLE public.umbral_llenado (
    id_umbral_llenado integer NOT NULL,
    bajo_max numeric(5,2) NOT NULL,
    medio_max numeric(5,2) NOT NULL,
    alto_max numeric(5,2) NOT NULL,
    CONSTRAINT umbral_llenado_check CHECK ((((0)::numeric <= bajo_max) AND (bajo_max < medio_max) AND (medio_max < alto_max) AND (alto_max <= (100)::numeric)))
);


ALTER TABLE public.umbral_llenado OWNER TO "Crist";

--
-- Name: umbral_llenado_id_umbral_llenado_seq; Type: SEQUENCE; Schema: public; Owner: Crist
--

CREATE SEQUENCE public.umbral_llenado_id_umbral_llenado_seq
    AS integer
    START WITH 1
    INCREMENT BY 1
    NO MINVALUE
    NO MAXVALUE
    CACHE 1;


ALTER SEQUENCE public.umbral_llenado_id_umbral_llenado_seq OWNER TO "Crist";

--
-- Name: umbral_llenado_id_umbral_llenado_seq; Type: SEQUENCE OWNED BY; Schema: public; Owner: Crist
--

ALTER SEQUENCE public.umbral_llenado_id_umbral_llenado_seq OWNED BY public.umbral_llenado.id_umbral_llenado;


--
-- Name: usuarios_historiales_residuos; Type: TABLE; Schema: public; Owner: Crist
--

CREATE TABLE public.usuarios_historiales_residuos (
    id_usuario_historial_residuos integer NOT NULL,
    cantidad_total numeric,
    unidad character varying(10),
    ultima_actualizacion timestamp without time zone,
    id_residuo integer NOT NULL,
    id_usuario integer NOT NULL
);


ALTER TABLE public.usuarios_historiales_residuos OWNER TO "Crist";

--
-- Name: usuario_historiales_id_usuario_historial_seq; Type: SEQUENCE; Schema: public; Owner: Crist
--

CREATE SEQUENCE public.usuario_historiales_id_usuario_historial_seq
    AS integer
    START WITH 1
    INCREMENT BY 1
    NO MINVALUE
    NO MAXVALUE
    CACHE 1;


ALTER SEQUENCE public.usuario_historiales_id_usuario_historial_seq OWNER TO "Crist";

--
-- Name: usuario_historiales_id_usuario_historial_seq; Type: SEQUENCE OWNED BY; Schema: public; Owner: Crist
--

ALTER SEQUENCE public.usuario_historiales_id_usuario_historial_seq OWNED BY public.usuarios_historiales_residuos.id_usuario_historial_residuos;


--
-- Name: usuarios; Type: TABLE; Schema: public; Owner: Crist
--

CREATE TABLE public.usuarios (
    id_usuario integer NOT NULL,
    nombre_usuario character varying(50) NOT NULL,
    apellido_usuario character varying(50) NOT NULL,
    email character varying(100) NOT NULL,
    id_direccion integer,
    id_zona integer,
    id_tipo_usuario integer,
    user_id integer
);


ALTER TABLE public.usuarios OWNER TO "Crist";

--
-- Name: usuarios_id_usuario_seq; Type: SEQUENCE; Schema: public; Owner: Crist
--

CREATE SEQUENCE public.usuarios_id_usuario_seq
    AS integer
    START WITH 1
    INCREMENT BY 1
    NO MINVALUE
    NO MAXVALUE
    CACHE 1;


ALTER SEQUENCE public.usuarios_id_usuario_seq OWNER TO "Crist";

--
-- Name: usuarios_id_usuario_seq; Type: SEQUENCE OWNED BY; Schema: public; Owner: Crist
--

ALTER SEQUENCE public.usuarios_id_usuario_seq OWNED BY public.usuarios.id_usuario;


--
-- Name: usuarios_registro_contenedores; Type: TABLE; Schema: public; Owner: Crist
--

CREATE TABLE public.usuarios_registro_contenedores (
    id_usuario_registro_contenedor integer NOT NULL,
    nota_usuario_contenedor text,
    id_usuario integer NOT NULL,
    id_contenedor integer NOT NULL
);


ALTER TABLE public.usuarios_registro_contenedores OWNER TO "Crist";

--
-- Name: usuarios_registro_contenedore_id_usuario_registro_contenedo_seq; Type: SEQUENCE; Schema: public; Owner: Crist
--

CREATE SEQUENCE public.usuarios_registro_contenedore_id_usuario_registro_contenedo_seq
    AS integer
    START WITH 1
    INCREMENT BY 1
    NO MINVALUE
    NO MAXVALUE
    CACHE 1;


ALTER SEQUENCE public.usuarios_registro_contenedore_id_usuario_registro_contenedo_seq OWNER TO "Crist";

--
-- Name: usuarios_registro_contenedore_id_usuario_registro_contenedo_seq; Type: SEQUENCE OWNED BY; Schema: public; Owner: Crist
--

ALTER SEQUENCE public.usuarios_registro_contenedore_id_usuario_registro_contenedo_seq OWNED BY public.usuarios_registro_contenedores.id_usuario_registro_contenedor;


--
-- Name: usuarios_tienen_notificaciones; Type: TABLE; Schema: public; Owner: Crist
--

CREATE TABLE public.usuarios_tienen_notificaciones (
    id_usuario_notificacion integer NOT NULL,
    leido boolean DEFAULT false,
    fecha_recibido timestamp without time zone,
    id_usuario integer NOT NULL,
    id_notificaciones integer NOT NULL
);


ALTER TABLE public.usuarios_tienen_notificaciones OWNER TO "Crist";

--
-- Name: usuarios_tienen_notificaciones_id_usuario_notificacion_seq; Type: SEQUENCE; Schema: public; Owner: Crist
--

CREATE SEQUENCE public.usuarios_tienen_notificaciones_id_usuario_notificacion_seq
    AS integer
    START WITH 1
    INCREMENT BY 1
    NO MINVALUE
    NO MAXVALUE
    CACHE 1;


ALTER SEQUENCE public.usuarios_tienen_notificaciones_id_usuario_notificacion_seq OWNER TO "Crist";

--
-- Name: usuarios_tienen_notificaciones_id_usuario_notificacion_seq; Type: SEQUENCE OWNED BY; Schema: public; Owner: Crist
--

ALTER SEQUENCE public.usuarios_tienen_notificaciones_id_usuario_notificacion_seq OWNED BY public.usuarios_tienen_notificaciones.id_usuario_notificacion;


--
-- Name: zonas; Type: TABLE; Schema: public; Owner: Crist
--

CREATE TABLE public.zonas (
    id_zona integer NOT NULL,
    nombre_zona character varying(50),
    color_zona character varying(20),
    id_mapa integer,
    id_calendario integer,
    coordenada public.geometry(MultiPolygon,4326) NOT NULL,
    CONSTRAINT zonas_coordenada_check CHECK (((public.geometrytype(coordenada) = 'MULTIPOLYGON'::text) AND (public.st_srid(coordenada) = 4326)))
);


ALTER TABLE public.zonas OWNER TO "Crist";

--
-- Name: zonas_id_zona_seq; Type: SEQUENCE; Schema: public; Owner: Crist
--

CREATE SEQUENCE public.zonas_id_zona_seq
    AS integer
    START WITH 1
    INCREMENT BY 1
    NO MINVALUE
    NO MAXVALUE
    CACHE 1;


ALTER SEQUENCE public.zonas_id_zona_seq OWNER TO "Crist";

--
-- Name: zonas_id_zona_seq; Type: SEQUENCE OWNED BY; Schema: public; Owner: Crist
--

ALTER SEQUENCE public.zonas_id_zona_seq OWNED BY public.zonas.id_zona;


--
-- Name: calendarios id_calendario; Type: DEFAULT; Schema: public; Owner: Crist
--

ALTER TABLE ONLY public.calendarios ALTER COLUMN id_calendario SET DEFAULT nextval('public.calendarios_id_calendario_seq'::regclass);


--
-- Name: categoria_noticias id_categoria_noticias; Type: DEFAULT; Schema: public; Owner: Crist
--

ALTER TABLE ONLY public.categoria_noticias ALTER COLUMN id_categoria_noticias SET DEFAULT nextval('public.categoria_noticias_id_categoria_noticias_seq'::regclass);


--
-- Name: categoria_residuos id_categoria_residuo; Type: DEFAULT; Schema: public; Owner: Crist
--

ALTER TABLE ONLY public.categoria_residuos ALTER COLUMN id_categoria_residuo SET DEFAULT nextval('public.categoria_residuos_id_categoria_residuo_seq'::regclass);


--
-- Name: contenedores id_contenedor; Type: DEFAULT; Schema: public; Owner: Crist
--

ALTER TABLE ONLY public.contenedores ALTER COLUMN id_contenedor SET DEFAULT nextval('public.contenedores_id_contenedor_seq'::regclass);


--
-- Name: direcciones id_direccion; Type: DEFAULT; Schema: public; Owner: Crist
--

ALTER TABLE ONLY public.direcciones ALTER COLUMN id_direccion SET DEFAULT nextval('public.direcciones_id_direccion_seq'::regclass);


--
-- Name: excepciones_recolecciones id_excepciones_recoleccion; Type: DEFAULT; Schema: public; Owner: Crist
--

ALTER TABLE ONLY public.excepciones_recolecciones ALTER COLUMN id_excepciones_recoleccion SET DEFAULT nextval('public.excepciones_recolecciones_id_excepciones_recoleccion_seq'::regclass);


--
-- Name: horarios_recoleccion id_horario_recoleccion; Type: DEFAULT; Schema: public; Owner: Crist
--

ALTER TABLE ONLY public.horarios_recoleccion ALTER COLUMN id_horario_recoleccion SET DEFAULT nextval('public.horarios_recoleccion_id_horario_recoleccion_seq'::regclass);


--
-- Name: mapas id_mapa; Type: DEFAULT; Schema: public; Owner: Crist
--

ALTER TABLE ONLY public.mapas ALTER COLUMN id_mapa SET DEFAULT nextval('public.mapas_id_mapa_seq'::regclass);


--
-- Name: medicion_sensores id_medicion_sensor; Type: DEFAULT; Schema: public; Owner: Crist
--

ALTER TABLE ONLY public.medicion_sensores ALTER COLUMN id_medicion_sensor SET DEFAULT nextval('public.medicion_sensores_id_medicion_sensor_seq'::regclass);


--
-- Name: notificaciones id_notificacion; Type: DEFAULT; Schema: public; Owner: Crist
--

ALTER TABLE ONLY public.notificaciones ALTER COLUMN id_notificacion SET DEFAULT nextval('public.notificaciones_id_notificacion_seq'::regclass);


--
-- Name: registro_recolecciones id_registro_recoleccion; Type: DEFAULT; Schema: public; Owner: Crist
--

ALTER TABLE ONLY public.registro_recolecciones ALTER COLUMN id_registro_recoleccion SET DEFAULT nextval('public.registro_recolecciones_id_registro_recoleccion_seq'::regclass);


--
-- Name: residuos id_residuo; Type: DEFAULT; Schema: public; Owner: Crist
--

ALTER TABLE ONLY public.residuos ALTER COLUMN id_residuo SET DEFAULT nextval('public.residuos_id_residuo_seq'::regclass);


--
-- Name: sensor_estado_historial id_estado; Type: DEFAULT; Schema: public; Owner: Crist
--

ALTER TABLE ONLY public.sensor_estado_historial ALTER COLUMN id_estado SET DEFAULT nextval('public.estados_id_estado_seq'::regclass);


--
-- Name: sensor_estados_tipos id_sensor_estado_tipos; Type: DEFAULT; Schema: public; Owner: Crist
--

ALTER TABLE ONLY public.sensor_estados_tipos ALTER COLUMN id_sensor_estado_tipos SET DEFAULT nextval('public.sensor_estados_tipos_id_sensor_estado_tipos_seq'::regclass);


--
-- Name: sensores id_sensor; Type: DEFAULT; Schema: public; Owner: Crist
--

ALTER TABLE ONLY public.sensores ALTER COLUMN id_sensor SET DEFAULT nextval('public.sensores_id_sensor_seq'::regclass);


--
-- Name: tipo_usuarios id_tipo_usuario; Type: DEFAULT; Schema: public; Owner: Crist
--

ALTER TABLE ONLY public.tipo_usuarios ALTER COLUMN id_tipo_usuario SET DEFAULT nextval('public.tipo_usuarios_id_tipo_usuario_seq'::regclass);


--
-- Name: umbral_llenado id_umbral_llenado; Type: DEFAULT; Schema: public; Owner: Crist
--

ALTER TABLE ONLY public.umbral_llenado ALTER COLUMN id_umbral_llenado SET DEFAULT nextval('public.umbral_llenado_id_umbral_llenado_seq'::regclass);


--
-- Name: usuarios id_usuario; Type: DEFAULT; Schema: public; Owner: Crist
--

ALTER TABLE ONLY public.usuarios ALTER COLUMN id_usuario SET DEFAULT nextval('public.usuarios_id_usuario_seq'::regclass);


--
-- Name: usuarios_historiales_residuos id_usuario_historial_residuos; Type: DEFAULT; Schema: public; Owner: Crist
--

ALTER TABLE ONLY public.usuarios_historiales_residuos ALTER COLUMN id_usuario_historial_residuos SET DEFAULT nextval('public.usuario_historiales_id_usuario_historial_seq'::regclass);


--
-- Name: usuarios_registro_contenedores id_usuario_registro_contenedor; Type: DEFAULT; Schema: public; Owner: Crist
--

ALTER TABLE ONLY public.usuarios_registro_contenedores ALTER COLUMN id_usuario_registro_contenedor SET DEFAULT nextval('public.usuarios_registro_contenedore_id_usuario_registro_contenedo_seq'::regclass);


--
-- Name: usuarios_tienen_notificaciones id_usuario_notificacion; Type: DEFAULT; Schema: public; Owner: Crist
--

ALTER TABLE ONLY public.usuarios_tienen_notificaciones ALTER COLUMN id_usuario_notificacion SET DEFAULT nextval('public.usuarios_tienen_notificaciones_id_usuario_notificacion_seq'::regclass);


--
-- Name: zonas id_zona; Type: DEFAULT; Schema: public; Owner: Crist
--

ALTER TABLE ONLY public.zonas ALTER COLUMN id_zona SET DEFAULT nextval('public.zonas_id_zona_seq'::regclass);


--
-- Data for Name: auth_group; Type: TABLE DATA; Schema: public; Owner: Crist
--



--
-- Data for Name: auth_group_permissions; Type: TABLE DATA; Schema: public; Owner: Crist
--



--
-- Data for Name: auth_permission; Type: TABLE DATA; Schema: public; Owner: Crist
--

INSERT INTO public.auth_permission (id, name, content_type_id, codename) VALUES (1, 'Can add log entry', 1, 'add_logentry');
INSERT INTO public.auth_permission (id, name, content_type_id, codename) VALUES (2, 'Can change log entry', 1, 'change_logentry');
INSERT INTO public.auth_permission (id, name, content_type_id, codename) VALUES (3, 'Can delete log entry', 1, 'delete_logentry');
INSERT INTO public.auth_permission (id, name, content_type_id, codename) VALUES (4, 'Can view log entry', 1, 'view_logentry');
INSERT INTO public.auth_permission (id, name, content_type_id, codename) VALUES (5, 'Can add permission', 2, 'add_permission');
INSERT INTO public.auth_permission (id, name, content_type_id, codename) VALUES (6, 'Can change permission', 2, 'change_permission');
INSERT INTO public.auth_permission (id, name, content_type_id, codename) VALUES (7, 'Can delete permission', 2, 'delete_permission');
INSERT INTO public.auth_permission (id, name, content_type_id, codename) VALUES (8, 'Can view permission', 2, 'view_permission');
INSERT INTO public.auth_permission (id, name, content_type_id, codename) VALUES (9, 'Can add user', 3, 'add_user');
INSERT INTO public.auth_permission (id, name, content_type_id, codename) VALUES (10, 'Can change user', 3, 'change_user');
INSERT INTO public.auth_permission (id, name, content_type_id, codename) VALUES (11, 'Can delete user', 3, 'delete_user');
INSERT INTO public.auth_permission (id, name, content_type_id, codename) VALUES (12, 'Can view user', 3, 'view_user');
INSERT INTO public.auth_permission (id, name, content_type_id, codename) VALUES (13, 'Can add group', 4, 'add_group');
INSERT INTO public.auth_permission (id, name, content_type_id, codename) VALUES (14, 'Can change group', 4, 'change_group');
INSERT INTO public.auth_permission (id, name, content_type_id, codename) VALUES (15, 'Can delete group', 4, 'delete_group');
INSERT INTO public.auth_permission (id, name, content_type_id, codename) VALUES (16, 'Can view group', 4, 'view_group');
INSERT INTO public.auth_permission (id, name, content_type_id, codename) VALUES (17, 'Can add content type', 5, 'add_contenttype');
INSERT INTO public.auth_permission (id, name, content_type_id, codename) VALUES (18, 'Can change content type', 5, 'change_contenttype');
INSERT INTO public.auth_permission (id, name, content_type_id, codename) VALUES (19, 'Can delete content type', 5, 'delete_contenttype');
INSERT INTO public.auth_permission (id, name, content_type_id, codename) VALUES (20, 'Can view content type', 5, 'view_contenttype');
INSERT INTO public.auth_permission (id, name, content_type_id, codename) VALUES (21, 'Can add calendarios', 6, 'add_calendarios');
INSERT INTO public.auth_permission (id, name, content_type_id, codename) VALUES (22, 'Can change calendarios', 6, 'change_calendarios');
INSERT INTO public.auth_permission (id, name, content_type_id, codename) VALUES (23, 'Can delete calendarios', 6, 'delete_calendarios');
INSERT INTO public.auth_permission (id, name, content_type_id, codename) VALUES (24, 'Can view calendarios', 6, 'view_calendarios');
INSERT INTO public.auth_permission (id, name, content_type_id, codename) VALUES (25, 'Can add contenedores', 7, 'add_contenedores');
INSERT INTO public.auth_permission (id, name, content_type_id, codename) VALUES (26, 'Can change contenedores', 7, 'change_contenedores');
INSERT INTO public.auth_permission (id, name, content_type_id, codename) VALUES (27, 'Can delete contenedores', 7, 'delete_contenedores');
INSERT INTO public.auth_permission (id, name, content_type_id, codename) VALUES (28, 'Can view contenedores', 7, 'view_contenedores');
INSERT INTO public.auth_permission (id, name, content_type_id, codename) VALUES (29, 'Can add coordenadas', 8, 'add_coordenadas');
INSERT INTO public.auth_permission (id, name, content_type_id, codename) VALUES (30, 'Can change coordenadas', 8, 'change_coordenadas');
INSERT INTO public.auth_permission (id, name, content_type_id, codename) VALUES (31, 'Can delete coordenadas', 8, 'delete_coordenadas');
INSERT INTO public.auth_permission (id, name, content_type_id, codename) VALUES (32, 'Can view coordenadas', 8, 'view_coordenadas');
INSERT INTO public.auth_permission (id, name, content_type_id, codename) VALUES (33, 'Can add estados', 9, 'add_estados');
INSERT INTO public.auth_permission (id, name, content_type_id, codename) VALUES (34, 'Can change estados', 9, 'change_estados');
INSERT INTO public.auth_permission (id, name, content_type_id, codename) VALUES (35, 'Can delete estados', 9, 'delete_estados');
INSERT INTO public.auth_permission (id, name, content_type_id, codename) VALUES (36, 'Can view estados', 9, 'view_estados');
INSERT INTO public.auth_permission (id, name, content_type_id, codename) VALUES (37, 'Can add mapas', 10, 'add_mapas');
INSERT INTO public.auth_permission (id, name, content_type_id, codename) VALUES (38, 'Can change mapas', 10, 'change_mapas');
INSERT INTO public.auth_permission (id, name, content_type_id, codename) VALUES (39, 'Can delete mapas', 10, 'delete_mapas');
INSERT INTO public.auth_permission (id, name, content_type_id, codename) VALUES (40, 'Can view mapas', 10, 'view_mapas');
INSERT INTO public.auth_permission (id, name, content_type_id, codename) VALUES (41, 'Can add medicion sensores', 11, 'add_medicionsensores');
INSERT INTO public.auth_permission (id, name, content_type_id, codename) VALUES (42, 'Can change medicion sensores', 11, 'change_medicionsensores');
INSERT INTO public.auth_permission (id, name, content_type_id, codename) VALUES (43, 'Can delete medicion sensores', 11, 'delete_medicionsensores');
INSERT INTO public.auth_permission (id, name, content_type_id, codename) VALUES (44, 'Can view medicion sensores', 11, 'view_medicionsensores');
INSERT INTO public.auth_permission (id, name, content_type_id, codename) VALUES (45, 'Can add notificaciones', 12, 'add_notificaciones');
INSERT INTO public.auth_permission (id, name, content_type_id, codename) VALUES (46, 'Can change notificaciones', 12, 'change_notificaciones');
INSERT INTO public.auth_permission (id, name, content_type_id, codename) VALUES (47, 'Can delete notificaciones', 12, 'delete_notificaciones');
INSERT INTO public.auth_permission (id, name, content_type_id, codename) VALUES (48, 'Can view notificaciones', 12, 'view_notificaciones');
INSERT INTO public.auth_permission (id, name, content_type_id, codename) VALUES (49, 'Can add registro recolecciones', 13, 'add_registrorecolecciones');
INSERT INTO public.auth_permission (id, name, content_type_id, codename) VALUES (50, 'Can change registro recolecciones', 13, 'change_registrorecolecciones');
INSERT INTO public.auth_permission (id, name, content_type_id, codename) VALUES (51, 'Can delete registro recolecciones', 13, 'delete_registrorecolecciones');
INSERT INTO public.auth_permission (id, name, content_type_id, codename) VALUES (52, 'Can view registro recolecciones', 13, 'view_registrorecolecciones');
INSERT INTO public.auth_permission (id, name, content_type_id, codename) VALUES (53, 'Can add residuos', 14, 'add_residuos');
INSERT INTO public.auth_permission (id, name, content_type_id, codename) VALUES (54, 'Can change residuos', 14, 'change_residuos');
INSERT INTO public.auth_permission (id, name, content_type_id, codename) VALUES (55, 'Can delete residuos', 14, 'delete_residuos');
INSERT INTO public.auth_permission (id, name, content_type_id, codename) VALUES (56, 'Can view residuos', 14, 'view_residuos');
INSERT INTO public.auth_permission (id, name, content_type_id, codename) VALUES (57, 'Can add sensores', 15, 'add_sensores');
INSERT INTO public.auth_permission (id, name, content_type_id, codename) VALUES (58, 'Can change sensores', 15, 'change_sensores');
INSERT INTO public.auth_permission (id, name, content_type_id, codename) VALUES (59, 'Can delete sensores', 15, 'delete_sensores');
INSERT INTO public.auth_permission (id, name, content_type_id, codename) VALUES (60, 'Can view sensores', 15, 'view_sensores');
INSERT INTO public.auth_permission (id, name, content_type_id, codename) VALUES (61, 'Can add spatial ref sys', 16, 'add_spatialrefsys');
INSERT INTO public.auth_permission (id, name, content_type_id, codename) VALUES (62, 'Can change spatial ref sys', 16, 'change_spatialrefsys');
INSERT INTO public.auth_permission (id, name, content_type_id, codename) VALUES (63, 'Can delete spatial ref sys', 16, 'delete_spatialrefsys');
INSERT INTO public.auth_permission (id, name, content_type_id, codename) VALUES (64, 'Can view spatial ref sys', 16, 'view_spatialrefsys');
INSERT INTO public.auth_permission (id, name, content_type_id, codename) VALUES (65, 'Can add tipo estados', 17, 'add_tipoestados');
INSERT INTO public.auth_permission (id, name, content_type_id, codename) VALUES (66, 'Can change tipo estados', 17, 'change_tipoestados');
INSERT INTO public.auth_permission (id, name, content_type_id, codename) VALUES (67, 'Can delete tipo estados', 17, 'delete_tipoestados');
INSERT INTO public.auth_permission (id, name, content_type_id, codename) VALUES (68, 'Can view tipo estados', 17, 'view_tipoestados');
INSERT INTO public.auth_permission (id, name, content_type_id, codename) VALUES (69, 'Can add usuarios historiales residuos', 18, 'add_usuarioshistorialesresiduos');
INSERT INTO public.auth_permission (id, name, content_type_id, codename) VALUES (70, 'Can change usuarios historiales residuos', 18, 'change_usuarioshistorialesresiduos');
INSERT INTO public.auth_permission (id, name, content_type_id, codename) VALUES (71, 'Can delete usuarios historiales residuos', 18, 'delete_usuarioshistorialesresiduos');
INSERT INTO public.auth_permission (id, name, content_type_id, codename) VALUES (72, 'Can view usuarios historiales residuos', 18, 'view_usuarioshistorialesresiduos');
INSERT INTO public.auth_permission (id, name, content_type_id, codename) VALUES (73, 'Can add usuarios registro contenedores', 19, 'add_usuariosregistrocontenedores');
INSERT INTO public.auth_permission (id, name, content_type_id, codename) VALUES (74, 'Can change usuarios registro contenedores', 19, 'change_usuariosregistrocontenedores');
INSERT INTO public.auth_permission (id, name, content_type_id, codename) VALUES (75, 'Can delete usuarios registro contenedores', 19, 'delete_usuariosregistrocontenedores');
INSERT INTO public.auth_permission (id, name, content_type_id, codename) VALUES (76, 'Can view usuarios registro contenedores', 19, 'view_usuariosregistrocontenedores');
INSERT INTO public.auth_permission (id, name, content_type_id, codename) VALUES (77, 'Can add usuarios tienen notificaciones', 20, 'add_usuariostienennotificaciones');
INSERT INTO public.auth_permission (id, name, content_type_id, codename) VALUES (78, 'Can change usuarios tienen notificaciones', 20, 'change_usuariostienennotificaciones');
INSERT INTO public.auth_permission (id, name, content_type_id, codename) VALUES (79, 'Can delete usuarios tienen notificaciones', 20, 'delete_usuariostienennotificaciones');
INSERT INTO public.auth_permission (id, name, content_type_id, codename) VALUES (80, 'Can view usuarios tienen notificaciones', 20, 'view_usuariostienennotificaciones');
INSERT INTO public.auth_permission (id, name, content_type_id, codename) VALUES (81, 'Can add usuarios', 21, 'add_usuarios');
INSERT INTO public.auth_permission (id, name, content_type_id, codename) VALUES (82, 'Can change usuarios', 21, 'change_usuarios');
INSERT INTO public.auth_permission (id, name, content_type_id, codename) VALUES (83, 'Can delete usuarios', 21, 'delete_usuarios');
INSERT INTO public.auth_permission (id, name, content_type_id, codename) VALUES (84, 'Can view usuarios', 21, 'view_usuarios');
INSERT INTO public.auth_permission (id, name, content_type_id, codename) VALUES (85, 'Can add direcciones', 22, 'add_direcciones');
INSERT INTO public.auth_permission (id, name, content_type_id, codename) VALUES (86, 'Can change direcciones', 22, 'change_direcciones');
INSERT INTO public.auth_permission (id, name, content_type_id, codename) VALUES (87, 'Can delete direcciones', 22, 'delete_direcciones');
INSERT INTO public.auth_permission (id, name, content_type_id, codename) VALUES (88, 'Can view direcciones', 22, 'view_direcciones');
INSERT INTO public.auth_permission (id, name, content_type_id, codename) VALUES (89, 'Can add zonas', 23, 'add_zonas');
INSERT INTO public.auth_permission (id, name, content_type_id, codename) VALUES (90, 'Can change zonas', 23, 'change_zonas');
INSERT INTO public.auth_permission (id, name, content_type_id, codename) VALUES (91, 'Can delete zonas', 23, 'delete_zonas');
INSERT INTO public.auth_permission (id, name, content_type_id, codename) VALUES (92, 'Can view zonas', 23, 'view_zonas');
INSERT INTO public.auth_permission (id, name, content_type_id, codename) VALUES (93, 'Can add tipo usuarios', 24, 'add_tipousuarios');
INSERT INTO public.auth_permission (id, name, content_type_id, codename) VALUES (94, 'Can change tipo usuarios', 24, 'change_tipousuarios');
INSERT INTO public.auth_permission (id, name, content_type_id, codename) VALUES (95, 'Can delete tipo usuarios', 24, 'delete_tipousuarios');
INSERT INTO public.auth_permission (id, name, content_type_id, codename) VALUES (96, 'Can view tipo usuarios', 24, 'view_tipousuarios');
INSERT INTO public.auth_permission (id, name, content_type_id, codename) VALUES (97, 'Can add session', 25, 'add_session');
INSERT INTO public.auth_permission (id, name, content_type_id, codename) VALUES (98, 'Can change session', 25, 'change_session');
INSERT INTO public.auth_permission (id, name, content_type_id, codename) VALUES (99, 'Can delete session', 25, 'delete_session');
INSERT INTO public.auth_permission (id, name, content_type_id, codename) VALUES (100, 'Can view session', 25, 'view_session');
INSERT INTO public.auth_permission (id, name, content_type_id, codename) VALUES (101, 'Can add categoria noticias', 26, 'add_categorianoticias');
INSERT INTO public.auth_permission (id, name, content_type_id, codename) VALUES (102, 'Can change categoria noticias', 26, 'change_categorianoticias');
INSERT INTO public.auth_permission (id, name, content_type_id, codename) VALUES (103, 'Can delete categoria noticias', 26, 'delete_categorianoticias');
INSERT INTO public.auth_permission (id, name, content_type_id, codename) VALUES (104, 'Can view categoria noticias', 26, 'view_categorianoticias');
INSERT INTO public.auth_permission (id, name, content_type_id, codename) VALUES (105, 'Can add categoria residuos', 27, 'add_categoriaresiduos');
INSERT INTO public.auth_permission (id, name, content_type_id, codename) VALUES (106, 'Can change categoria residuos', 27, 'change_categoriaresiduos');
INSERT INTO public.auth_permission (id, name, content_type_id, codename) VALUES (107, 'Can delete categoria residuos', 27, 'delete_categoriaresiduos');
INSERT INTO public.auth_permission (id, name, content_type_id, codename) VALUES (108, 'Can view categoria residuos', 27, 'view_categoriaresiduos');
INSERT INTO public.auth_permission (id, name, content_type_id, codename) VALUES (109, 'Can add excepciones recolecciones', 28, 'add_excepcionesrecolecciones');
INSERT INTO public.auth_permission (id, name, content_type_id, codename) VALUES (110, 'Can change excepciones recolecciones', 28, 'change_excepcionesrecolecciones');
INSERT INTO public.auth_permission (id, name, content_type_id, codename) VALUES (111, 'Can delete excepciones recolecciones', 28, 'delete_excepcionesrecolecciones');
INSERT INTO public.auth_permission (id, name, content_type_id, codename) VALUES (112, 'Can view excepciones recolecciones', 28, 'view_excepcionesrecolecciones');
INSERT INTO public.auth_permission (id, name, content_type_id, codename) VALUES (113, 'Can add horarios recoleccion', 29, 'add_horariosrecoleccion');
INSERT INTO public.auth_permission (id, name, content_type_id, codename) VALUES (114, 'Can change horarios recoleccion', 29, 'change_horariosrecoleccion');
INSERT INTO public.auth_permission (id, name, content_type_id, codename) VALUES (115, 'Can delete horarios recoleccion', 29, 'delete_horariosrecoleccion');
INSERT INTO public.auth_permission (id, name, content_type_id, codename) VALUES (116, 'Can view horarios recoleccion', 29, 'view_horariosrecoleccion');
INSERT INTO public.auth_permission (id, name, content_type_id, codename) VALUES (117, 'Can add sensor estado historial', 30, 'add_sensorestadohistorial');
INSERT INTO public.auth_permission (id, name, content_type_id, codename) VALUES (118, 'Can change sensor estado historial', 30, 'change_sensorestadohistorial');
INSERT INTO public.auth_permission (id, name, content_type_id, codename) VALUES (119, 'Can delete sensor estado historial', 30, 'delete_sensorestadohistorial');
INSERT INTO public.auth_permission (id, name, content_type_id, codename) VALUES (120, 'Can view sensor estado historial', 30, 'view_sensorestadohistorial');
INSERT INTO public.auth_permission (id, name, content_type_id, codename) VALUES (121, 'Can add sensor estados tipos', 31, 'add_sensorestadostipos');
INSERT INTO public.auth_permission (id, name, content_type_id, codename) VALUES (122, 'Can change sensor estados tipos', 31, 'change_sensorestadostipos');
INSERT INTO public.auth_permission (id, name, content_type_id, codename) VALUES (123, 'Can delete sensor estados tipos', 31, 'delete_sensorestadostipos');
INSERT INTO public.auth_permission (id, name, content_type_id, codename) VALUES (124, 'Can view sensor estados tipos', 31, 'view_sensorestadostipos');


--
-- Data for Name: auth_user; Type: TABLE DATA; Schema: public; Owner: Crist
--

INSERT INTO public.auth_user (id, password, last_login, is_superuser, username, first_name, last_name, email, is_staff, is_active, date_joined) VALUES (1, 'pbkdf2_sha256$1000000$vsfIQciJjSQfbBHuglKo62$N3tPVHinbBS2tDCQoNSBaIlXZtJSCBLyGILY9QJJHtw=', '2025-08-15 12:50:39.561484-03', true, 'cristina', '', '', 'cristin@gmail.com', true, true, '2025-08-15 12:45:35.785116-03');


--
-- Data for Name: auth_user_groups; Type: TABLE DATA; Schema: public; Owner: Crist
--



--
-- Data for Name: auth_user_user_permissions; Type: TABLE DATA; Schema: public; Owner: Crist
--



--
-- Data for Name: calendarios; Type: TABLE DATA; Schema: public; Owner: Crist
--

INSERT INTO public.calendarios (id_calendario, cuerpo, fecha, hora, titulo, duracion, subtitulo, todo_el_dia, categoria_noticia, creado_at) VALUES (13, 'prueba novedad', '2025-08-17', '01:02:00', 'REFACCION CONTENEDOR', '00:30:00', NULL, false, 1, '2025-10-24 17:46:55.103879-03');
INSERT INTO public.calendarios (id_calendario, cuerpo, fecha, hora, titulo, duracion, subtitulo, todo_el_dia, categoria_noticia, creado_at) VALUES (21, 'prueba fecha vieja 6', '2025-05-15', '02:03:00', 'NUEVO CONTENEDOR', '00:50:00', NULL, true, 4, '2025-10-24 17:46:55.103879-03');
INSERT INTO public.calendarios (id_calendario, cuerpo, fecha, hora, titulo, duracion, subtitulo, todo_el_dia, categoria_noticia, creado_at) VALUES (17, 'prueba fecha vieja 2', '2025-04-09', '00:03:00', 'NUEVO EVENTO', '02:00:00', NULL, false, 2, '2025-10-24 17:46:55.103879-03');
INSERT INTO public.calendarios (id_calendario, cuerpo, fecha, hora, titulo, duracion, subtitulo, todo_el_dia, categoria_noticia, creado_at) VALUES (19, 'prueba fecha vieja 4', '2024-11-19', '02:03:00', 'RECOLECCION', '04:00:00', NULL, false, 3, '2025-10-24 17:46:55.103879-03');
INSERT INTO public.calendarios (id_calendario, cuerpo, fecha, hora, titulo, duracion, subtitulo, todo_el_dia, categoria_noticia, creado_at) VALUES (18, 'prueba fecha vieja 3', '2025-02-20', '02:03:00', 'CAMBIO RUTA', '01:00:00', NULL, false, 1, '2025-10-24 17:46:55.103879-03');
INSERT INTO public.calendarios (id_calendario, cuerpo, fecha, hora, titulo, duracion, subtitulo, todo_el_dia, categoria_noticia, creado_at) VALUES (20, 'prueba fecha vieja 5', '2024-10-18', '02:03:00', 'CAMBIO CONTENEDOR', '00:40:00', NULL, false, 1, '2025-10-24 17:46:55.103879-03');
INSERT INTO public.calendarios (id_calendario, cuerpo, fecha, hora, titulo, duracion, subtitulo, todo_el_dia, categoria_noticia, creado_at) VALUES (16, 'Prueba fecha vieja', '2025-06-13', '12:03:00', 'CAMBIO HORARIOS', '02:00:00', NULL, false, 1, '2025-10-24 17:46:55.103879-03');
INSERT INTO public.calendarios (id_calendario, cuerpo, fecha, hora, titulo, duracion, subtitulo, todo_el_dia, categoria_noticia, creado_at) VALUES (22, 'El equipo de residuos realizar tareas de refaccin del contenedor de orgnicos, incluyendo limpieza profunda, reposicin de tapas y refuerzo de anclajes.

Se recomienda evitar depositar residuos entre las 10:00 y 11:30 para facilitar el trabajo. El trnsito puede verse reducido de manera temporal.

Consejo: program un recordatorio para sacar los residuos despus de las 11:30.
Ante condiciones climticas adversas, se reprogramar para el siguiente da hbil a la misma hora.', '2025-10-23', '20:50:49', 'Refaccin contenedor', '01:30:00', 'Mantenimiento y reubicacin para mejorar la accesibilidad.', false, 3, '2025-10-24 17:46:55.103879-03');
INSERT INTO public.calendarios (id_calendario, cuerpo, fecha, hora, titulo, duracion, subtitulo, todo_el_dia, categoria_noticia, creado_at) VALUES (15, 'probando novedad que choca horario 01:02:00 y diferente fecha', '2025-08-21', '01:02:00', 'CAMBIO RECORRIDO', '03:00:00', NULL, false, 1, '2025-10-24 17:46:55.103879-03');
INSERT INTO public.calendarios (id_calendario, cuerpo, fecha, hora, titulo, duracion, subtitulo, todo_el_dia, categoria_noticia, creado_at) VALUES (14, 'prueba novedad pm', '2025-08-17', '13:02:00', 'CAMBIO CONTENEDOR', '01:00:00', NULL, false, 1, '2025-10-24 17:46:55.103879-03');
INSERT INTO public.calendarios (id_calendario, cuerpo, fecha, hora, titulo, duracion, subtitulo, todo_el_dia, categoria_noticia, creado_at) VALUES (23, 'prueba3 en 1, este es 1', '2025-11-29', '17:44:17', 'Prueba 1', '01:00:00', NULL, false, 1, '2025-11-29 17:44:55.342801-03');
INSERT INTO public.calendarios (id_calendario, cuerpo, fecha, hora, titulo, duracion, subtitulo, todo_el_dia, categoria_noticia, creado_at) VALUES (24, 'prueba 3 en 1, este es 2', '2025-11-29', '17:45:15', 'prueba2', '02:00:00', NULL, false, 2, '2025-11-29 17:45:52.175347-03');
INSERT INTO public.calendarios (id_calendario, cuerpo, fecha, hora, titulo, duracion, subtitulo, todo_el_dia, categoria_noticia, creado_at) VALUES (25, 'prueba 3 en 1, este es 3', '2025-11-29', '17:45:40', 'prueba3', '01:30:00', NULL, false, 3, '2025-11-29 17:45:52.175347-03');


--
-- Data for Name: categoria_noticias; Type: TABLE DATA; Schema: public; Owner: Crist
--

INSERT INTO public.categoria_noticias (id_categoria_noticias, categoria, color_hex) VALUES (1, 'Anuncio', '#F59E0B');
INSERT INTO public.categoria_noticias (id_categoria_noticias, categoria, color_hex) VALUES (2, 'Evento', '#3B82F6');
INSERT INTO public.categoria_noticias (id_categoria_noticias, categoria, color_hex) VALUES (3, 'Recoleccin', '#22C55E');
INSERT INTO public.categoria_noticias (id_categoria_noticias, categoria, color_hex) VALUES (4, 'Noticia', '#8B5CF6');
INSERT INTO public.categoria_noticias (id_categoria_noticias, categoria, color_hex) VALUES (5, 'Alerta', '#EF4444');
INSERT INTO public.categoria_noticias (id_categoria_noticias, categoria, color_hex) VALUES (6, 'Mantenimiento', '#F97316');
INSERT INTO public.categoria_noticias (id_categoria_noticias, categoria, color_hex) VALUES (7, 'Feriados', '#9CA3AF');
INSERT INTO public.categoria_noticias (id_categoria_noticias, categoria, color_hex) VALUES (8, 'Cambio de recorrido', '#06B6D4');


--
-- Data for Name: categoria_residuos; Type: TABLE DATA; Schema: public; Owner: Crist
--

INSERT INTO public.categoria_residuos (id_categoria_residuo, categoria, color_hex) VALUES (2, 'Orgnicos', '#451A03');
INSERT INTO public.categoria_residuos (id_categoria_residuo, categoria, color_hex) VALUES (3, 'Papeles', '#1E3A8A');
INSERT INTO public.categoria_residuos (id_categoria_residuo, categoria, color_hex) VALUES (4, 'Envases', '#EAB308');
INSERT INTO public.categoria_residuos (id_categoria_residuo, categoria, color_hex) VALUES (5, 'Vidrios', '#065F46');
INSERT INTO public.categoria_residuos (id_categoria_residuo, categoria, color_hex) VALUES (6, 'Pesados', '#374151');
INSERT INTO public.categoria_residuos (id_categoria_residuo, categoria, color_hex) VALUES (7, 'Especiales', '#C2410C');
INSERT INTO public.categoria_residuos (id_categoria_residuo, categoria, color_hex) VALUES (8, 'Riesgosos', '#7F1D1D');


--
-- Data for Name: contenedores; Type: TABLE DATA; Schema: public; Owner: Crist
--

INSERT INTO public.contenedores (id_contenedor, nombre_contenedor, color_contenedor, capacidad_total, fecha_instalacion, ultimo_vaciado, descripcion_ubicacion, id_zona, id_residuo, id_mapa, coordenada) VALUES (4, 'Contenedor 04', 'prueba', NULL, '2025-12-31', NULL, NULL, 1, 4, 1, '0101000020E6100000242CAB2C9A1551C07EF6AC28E2694BC0');
INSERT INTO public.contenedores (id_contenedor, nombre_contenedor, color_contenedor, capacidad_total, fecha_instalacion, ultimo_vaciado, descripcion_ubicacion, id_zona, id_residuo, id_mapa, coordenada) VALUES (5, 'Contenedor 05', 'prueba', NULL, '2025-12-31', NULL, NULL, 1, 5, 1, '0101000020E61000007F8A8788821551C025FF2C9FD4694BC0');
INSERT INTO public.contenedores (id_contenedor, nombre_contenedor, color_contenedor, capacidad_total, fecha_instalacion, ultimo_vaciado, descripcion_ubicacion, id_zona, id_residuo, id_mapa, coordenada) VALUES (6, 'Contenedor 06', 'prueba', NULL, '2025-12-31', NULL, NULL, 1, 6, 1, '0101000020E61000003BC66B098D1551C065D6E2EBDD694BC0');
INSERT INTO public.contenedores (id_contenedor, nombre_contenedor, color_contenedor, capacidad_total, fecha_instalacion, ultimo_vaciado, descripcion_ubicacion, id_zona, id_residuo, id_mapa, coordenada) VALUES (7, 'Contenedor 07', 'prueba', NULL, '2025-12-31', NULL, NULL, 1, 7, 1, '0101000020E610000048FD58B3B41551C022C9866AB2694BC0');
INSERT INTO public.contenedores (id_contenedor, nombre_contenedor, color_contenedor, capacidad_total, fecha_instalacion, ultimo_vaciado, descripcion_ubicacion, id_zona, id_residuo, id_mapa, coordenada) VALUES (8, 'Contenedor 08', 'prueba', NULL, '2025-12-31', NULL, NULL, 1, 8, 1, '0101000020E6100000B2DA83CF961551C09FADAF39FB694BC0');
INSERT INTO public.contenedores (id_contenedor, nombre_contenedor, color_contenedor, capacidad_total, fecha_instalacion, ultimo_vaciado, descripcion_ubicacion, id_zona, id_residuo, id_mapa, coordenada) VALUES (9, 'Contenedor 09', 'prueba', NULL, '2025-12-31', NULL, NULL, 1, 9, 1, '0101000020E610000006D426AB7C1551C0166AB392E2694BC0');
INSERT INTO public.contenedores (id_contenedor, nombre_contenedor, color_contenedor, capacidad_total, fecha_instalacion, ultimo_vaciado, descripcion_ubicacion, id_zona, id_residuo, id_mapa, coordenada) VALUES (10, 'Contenedor 10', 'prueba', NULL, '2025-12-31', NULL, NULL, 1, 10, 1, '0101000020E61000000A626B2DA51551C0E2B81AB3006A4BC0');
INSERT INTO public.contenedores (id_contenedor, nombre_contenedor, color_contenedor, capacidad_total, fecha_instalacion, ultimo_vaciado, descripcion_ubicacion, id_zona, id_residuo, id_mapa, coordenada) VALUES (11, 'Contenedor 11', 'prueba', NULL, '2025-12-31', NULL, NULL, 1, 11, 1, '0101000020E61000007211BBFBB91551C06A7E1C09106A4BC0');
INSERT INTO public.contenedores (id_contenedor, nombre_contenedor, color_contenedor, capacidad_total, fecha_instalacion, ultimo_vaciado, descripcion_ubicacion, id_zona, id_residuo, id_mapa, coordenada) VALUES (2, 'Contenedor 02', 'verde', NULL, '2025-12-08', NULL, NULL, 1, 2, 1, '0101000020E61000006A05DC9CB51551C0B54609F4E0694BC0');
INSERT INTO public.contenedores (id_contenedor, nombre_contenedor, color_contenedor, capacidad_total, fecha_instalacion, ultimo_vaciado, descripcion_ubicacion, id_zona, id_residuo, id_mapa, coordenada) VALUES (3, 'Contenedor 03', 'gris', NULL, '2025-12-08', NULL, NULL, 1, 3, 1, '0101000020E6100000699C6302921551C030101DB3B7694BC0');
INSERT INTO public.contenedores (id_contenedor, nombre_contenedor, color_contenedor, capacidad_total, fecha_instalacion, ultimo_vaciado, descripcion_ubicacion, id_zona, id_residuo, id_mapa, coordenada) VALUES (1, 'Contenedor 01', 'rojo', NULL, '2025-12-06', NULL, NULL, 1, 1, 1, '0101000020E6100000CA61FEA5AE1551C00546DB45E2694BC0');
INSERT INTO public.contenedores (id_contenedor, nombre_contenedor, color_contenedor, capacidad_total, fecha_instalacion, ultimo_vaciado, descripcion_ubicacion, id_zona, id_residuo, id_mapa, coordenada) VALUES (12, 'Contenedor 12', 'prueba', NULL, '2025-12-31', NULL, NULL, 1, 1, 1, '0101000020E6100000B06005669D1551C0111B1F71D0694BC0');
INSERT INTO public.contenedores (id_contenedor, nombre_contenedor, color_contenedor, capacidad_total, fecha_instalacion, ultimo_vaciado, descripcion_ubicacion, id_zona, id_residuo, id_mapa, coordenada) VALUES (13, 'Contenedor 13', 'prueba', NULL, '2025-12-31', NULL, NULL, 1, 2, 1, '0101000020E610000097D9F96CA21551C077A1ABF8BC694BC0');
INSERT INTO public.contenedores (id_contenedor, nombre_contenedor, color_contenedor, capacidad_total, fecha_instalacion, ultimo_vaciado, descripcion_ubicacion, id_zona, id_residuo, id_mapa, coordenada) VALUES (14, 'Contenedor 14', 'prueba', NULL, '2025-12-31', NULL, NULL, 1, 3, 1, '0101000020E61000005FD02412CB1551C028691E54D8694BC0');
INSERT INTO public.contenedores (id_contenedor, nombre_contenedor, color_contenedor, capacidad_total, fecha_instalacion, ultimo_vaciado, descripcion_ubicacion, id_zona, id_residuo, id_mapa, coordenada) VALUES (15, 'Contenedor 15', 'prueba', NULL, '2025-12-31', NULL, NULL, 1, 4, 1, '0101000020E6100000C2A4E55CB21551C0C4388640CC694BC0');
INSERT INTO public.contenedores (id_contenedor, nombre_contenedor, color_contenedor, capacidad_total, fecha_instalacion, ultimo_vaciado, descripcion_ubicacion, id_zona, id_residuo, id_mapa, coordenada) VALUES (16, 'Contenedor 16', 'prueba', NULL, '2025-12-31', NULL, NULL, 1, 5, 1, '0101000020E6100000765E1F30861551C0481D397BF0694BC0');
INSERT INTO public.contenedores (id_contenedor, nombre_contenedor, color_contenedor, capacidad_total, fecha_instalacion, ultimo_vaciado, descripcion_ubicacion, id_zona, id_residuo, id_mapa, coordenada) VALUES (17, 'Contenedor 17', 'prueba', NULL, '2025-12-31', NULL, NULL, 1, 6, 1, '0101000020E61000001849DA4F911551C0B8357DBA0A6A4BC0');
INSERT INTO public.contenedores (id_contenedor, nombre_contenedor, color_contenedor, capacidad_total, fecha_instalacion, ultimo_vaciado, descripcion_ubicacion, id_zona, id_residuo, id_mapa, coordenada) VALUES (18, 'Contenedor 18', 'prueba', NULL, '2025-12-31', NULL, NULL, 1, 7, 1, '0101000020E6100000C5C58251771551C0CBBE4265106A4BC0');
INSERT INTO public.contenedores (id_contenedor, nombre_contenedor, color_contenedor, capacidad_total, fecha_instalacion, ultimo_vaciado, descripcion_ubicacion, id_zona, id_residuo, id_mapa, coordenada) VALUES (19, 'Contenedor 19', 'prueba', NULL, '2025-12-31', NULL, NULL, 1, 8, 1, '0101000020E6100000CF687FC9701551C083046D8BF6694BC0');
INSERT INTO public.contenedores (id_contenedor, nombre_contenedor, color_contenedor, capacidad_total, fecha_instalacion, ultimo_vaciado, descripcion_ubicacion, id_zona, id_residuo, id_mapa, coordenada) VALUES (20, 'Contenedor 20', 'prueba', NULL, '2025-12-31', NULL, NULL, 1, 9, 1, '0101000020E610000067EDD215B91551C0CB26D958216A4BC0');
INSERT INTO public.contenedores (id_contenedor, nombre_contenedor, color_contenedor, capacidad_total, fecha_instalacion, ultimo_vaciado, descripcion_ubicacion, id_zona, id_residuo, id_mapa, coordenada) VALUES (21, 'Contenedor 21', 'prueba', NULL, '2025-12-31', NULL, NULL, 1, 10, 1, '0101000020E61000006E66438F941551C05F415340256A4BC0');
INSERT INTO public.contenedores (id_contenedor, nombre_contenedor, color_contenedor, capacidad_total, fecha_instalacion, ultimo_vaciado, descripcion_ubicacion, id_zona, id_residuo, id_mapa, coordenada) VALUES (22, 'Contenedor 22', 'prueba', NULL, '2025-12-31', NULL, NULL, 1, 11, 1, '0101000020E6100000F9457863891551C053F49838C4694BC0');


--
-- Data for Name: direcciones; Type: TABLE DATA; Schema: public; Owner: Crist
--



--
-- Data for Name: django_admin_log; Type: TABLE DATA; Schema: public; Owner: Crist
--



--
-- Data for Name: django_content_type; Type: TABLE DATA; Schema: public; Owner: Crist
--

INSERT INTO public.django_content_type (id, app_label, model) VALUES (1, 'admin', 'logentry');
INSERT INTO public.django_content_type (id, app_label, model) VALUES (2, 'auth', 'permission');
INSERT INTO public.django_content_type (id, app_label, model) VALUES (3, 'auth', 'user');
INSERT INTO public.django_content_type (id, app_label, model) VALUES (4, 'auth', 'group');
INSERT INTO public.django_content_type (id, app_label, model) VALUES (5, 'contenttypes', 'contenttype');
INSERT INTO public.django_content_type (id, app_label, model) VALUES (6, 'apiApp', 'calendarios');
INSERT INTO public.django_content_type (id, app_label, model) VALUES (7, 'apiApp', 'contenedores');
INSERT INTO public.django_content_type (id, app_label, model) VALUES (8, 'apiApp', 'coordenadas');
INSERT INTO public.django_content_type (id, app_label, model) VALUES (9, 'apiApp', 'estados');
INSERT INTO public.django_content_type (id, app_label, model) VALUES (10, 'apiApp', 'mapas');
INSERT INTO public.django_content_type (id, app_label, model) VALUES (11, 'apiApp', 'medicionsensores');
INSERT INTO public.django_content_type (id, app_label, model) VALUES (12, 'apiApp', 'notificaciones');
INSERT INTO public.django_content_type (id, app_label, model) VALUES (13, 'apiApp', 'registrorecolecciones');
INSERT INTO public.django_content_type (id, app_label, model) VALUES (14, 'apiApp', 'residuos');
INSERT INTO public.django_content_type (id, app_label, model) VALUES (15, 'apiApp', 'sensores');
INSERT INTO public.django_content_type (id, app_label, model) VALUES (16, 'apiApp', 'spatialrefsys');
INSERT INTO public.django_content_type (id, app_label, model) VALUES (17, 'apiApp', 'tipoestados');
INSERT INTO public.django_content_type (id, app_label, model) VALUES (18, 'apiApp', 'usuarioshistorialesresiduos');
INSERT INTO public.django_content_type (id, app_label, model) VALUES (19, 'apiApp', 'usuariosregistrocontenedores');
INSERT INTO public.django_content_type (id, app_label, model) VALUES (20, 'apiApp', 'usuariostienennotificaciones');
INSERT INTO public.django_content_type (id, app_label, model) VALUES (21, 'apiApp', 'usuarios');
INSERT INTO public.django_content_type (id, app_label, model) VALUES (22, 'apiApp', 'direcciones');
INSERT INTO public.django_content_type (id, app_label, model) VALUES (23, 'apiApp', 'zonas');
INSERT INTO public.django_content_type (id, app_label, model) VALUES (24, 'apiApp', 'tipousuarios');
INSERT INTO public.django_content_type (id, app_label, model) VALUES (25, 'sessions', 'session');
INSERT INTO public.django_content_type (id, app_label, model) VALUES (26, 'apiApp', 'categorianoticias');
INSERT INTO public.django_content_type (id, app_label, model) VALUES (27, 'apiApp', 'categoriaresiduos');
INSERT INTO public.django_content_type (id, app_label, model) VALUES (28, 'apiApp', 'excepcionesrecolecciones');
INSERT INTO public.django_content_type (id, app_label, model) VALUES (29, 'apiApp', 'horariosrecoleccion');
INSERT INTO public.django_content_type (id, app_label, model) VALUES (30, 'apiApp', 'sensorestadohistorial');
INSERT INTO public.django_content_type (id, app_label, model) VALUES (31, 'apiApp', 'sensorestadostipos');


--
-- Data for Name: django_migrations; Type: TABLE DATA; Schema: public; Owner: Crist
--

INSERT INTO public.django_migrations (id, app, name, applied) VALUES (1, 'contenttypes', '0001_initial', '2025-08-15 00:35:32.435314-03');
INSERT INTO public.django_migrations (id, app, name, applied) VALUES (2, 'auth', '0001_initial', '2025-08-15 00:35:32.472078-03');
INSERT INTO public.django_migrations (id, app, name, applied) VALUES (3, 'admin', '0001_initial', '2025-08-15 00:35:32.479229-03');
INSERT INTO public.django_migrations (id, app, name, applied) VALUES (4, 'admin', '0002_logentry_remove_auto_add', '2025-08-15 00:35:32.481444-03');
INSERT INTO public.django_migrations (id, app, name, applied) VALUES (5, 'admin', '0003_logentry_add_action_flag_choices', '2025-08-15 00:35:32.483357-03');
INSERT INTO public.django_migrations (id, app, name, applied) VALUES (6, 'apiApp', '0001_initial', '2025-08-15 00:39:00.74386-03');
INSERT INTO public.django_migrations (id, app, name, applied) VALUES (7, 'contenttypes', '0002_remove_content_type_name', '2025-08-15 00:43:58.751403-03');
INSERT INTO public.django_migrations (id, app, name, applied) VALUES (8, 'auth', '0002_alter_permission_name_max_length', '2025-08-15 00:43:58.753935-03');
INSERT INTO public.django_migrations (id, app, name, applied) VALUES (9, 'auth', '0003_alter_user_email_max_length', '2025-08-15 00:43:58.756088-03');
INSERT INTO public.django_migrations (id, app, name, applied) VALUES (10, 'auth', '0004_alter_user_username_opts', '2025-08-15 00:43:58.758148-03');
INSERT INTO public.django_migrations (id, app, name, applied) VALUES (11, 'auth', '0005_alter_user_last_login_null', '2025-08-15 00:43:58.760193-03');
INSERT INTO public.django_migrations (id, app, name, applied) VALUES (12, 'auth', '0006_require_contenttypes_0002', '2025-08-15 00:43:58.760524-03');
INSERT INTO public.django_migrations (id, app, name, applied) VALUES (13, 'auth', '0007_alter_validators_add_error_messages', '2025-08-15 00:43:58.762537-03');
INSERT INTO public.django_migrations (id, app, name, applied) VALUES (14, 'auth', '0008_alter_user_username_max_length', '2025-08-15 00:43:58.768879-03');
INSERT INTO public.django_migrations (id, app, name, applied) VALUES (15, 'auth', '0009_alter_user_last_name_max_length', '2025-08-15 00:43:58.770994-03');
INSERT INTO public.django_migrations (id, app, name, applied) VALUES (16, 'auth', '0010_alter_group_name_max_length', '2025-08-15 00:43:58.775763-03');
INSERT INTO public.django_migrations (id, app, name, applied) VALUES (17, 'auth', '0011_update_proxy_permissions', '2025-08-15 00:43:58.7794-03');
INSERT INTO public.django_migrations (id, app, name, applied) VALUES (18, 'auth', '0012_alter_user_first_name_max_length', '2025-08-15 00:43:58.781415-03');
INSERT INTO public.django_migrations (id, app, name, applied) VALUES (19, 'sessions', '0001_initial', '2025-08-15 00:43:58.785922-03');
INSERT INTO public.django_migrations (id, app, name, applied) VALUES (20, 'apiApp', '0002_alter_usuarios_user', '2025-08-18 12:06:01.451218-03');
INSERT INTO public.django_migrations (id, app, name, applied) VALUES (21, 'apiApp', '0003_alter_usuarios_email', '2025-10-03 20:33:15.307511-03');
INSERT INTO public.django_migrations (id, app, name, applied) VALUES (22, 'apiApp', '0004_add_calendarios_titulo', '2025-10-20 19:59:44.083304-03');
INSERT INTO public.django_migrations (id, app, name, applied) VALUES (23, 'apiApp', '0005_calendarios_upgrade', '2025-10-24 18:01:03.846294-03');
INSERT INTO public.django_migrations (id, app, name, applied) VALUES (24, 'apiApp', '0006_categorianoticias', '2025-11-24 18:14:02.031476-03');
INSERT INTO public.django_migrations (id, app, name, applied) VALUES (25, 'apiApp', '0007_delete_coordenadas_delete_spatialrefsys', '2025-12-06 20:26:07.854914-03');
INSERT INTO public.django_migrations (id, app, name, applied) VALUES (26, 'apiApp', '0008_categoriaresiduos_excepcionesrecolecciones_and_more', '2025-12-21 20:22:59.10951-03');


--
-- Data for Name: django_session; Type: TABLE DATA; Schema: public; Owner: Crist
--

INSERT INTO public.django_session (session_key, session_data, expire_date) VALUES ('g7xzjt84qpsjwpp6lz9myvxkxinljiz7', '.eJxVjMsOgjAQRf-la9PQAkN16Z5vaObRsagpCYWV8d-VhIVu7znnvkzEbc1xq2mJk5iLceb0uxHyI5UdyB3LbbY8l3WZyO6KPWi14yzpeT3cv4OMNX_r0HiW4LFB0aFroCWvTEisAtjTOTAACLS99AMmCKgQFFmdE-2SJ_P-AAs_OU8:1umwhT:hhea00Czz5ShCn5awtCiEpDS85D8aLnEDdKxR2vLBd0', '2025-08-29 12:50:39.563617-03');


--
-- Data for Name: excepciones_recolecciones; Type: TABLE DATA; Schema: public; Owner: Crist
--



--
-- Data for Name: horarios_recoleccion; Type: TABLE DATA; Schema: public; Owner: Crist
--

INSERT INTO public.horarios_recoleccion (id_horario_recoleccion, hora_inicio, hora_fin, dia_semana, id_zona, id_categoria_residuo) VALUES (7, '06:00:00', '08:00:00', 1, 1, 2);
INSERT INTO public.horarios_recoleccion (id_horario_recoleccion, hora_inicio, hora_fin, dia_semana, id_zona, id_categoria_residuo) VALUES (8, '06:00:00', '08:00:00', 2, 1, 2);
INSERT INTO public.horarios_recoleccion (id_horario_recoleccion, hora_inicio, hora_fin, dia_semana, id_zona, id_categoria_residuo) VALUES (9, '06:00:00', '08:00:00', 3, 1, 2);
INSERT INTO public.horarios_recoleccion (id_horario_recoleccion, hora_inicio, hora_fin, dia_semana, id_zona, id_categoria_residuo) VALUES (10, '06:00:00', '08:00:00', 4, 1, 2);
INSERT INTO public.horarios_recoleccion (id_horario_recoleccion, hora_inicio, hora_fin, dia_semana, id_zona, id_categoria_residuo) VALUES (11, '06:00:00', '08:00:00', 5, 1, 2);
INSERT INTO public.horarios_recoleccion (id_horario_recoleccion, hora_inicio, hora_fin, dia_semana, id_zona, id_categoria_residuo) VALUES (12, '06:00:00', '08:00:00', 6, 1, 2);
INSERT INTO public.horarios_recoleccion (id_horario_recoleccion, hora_inicio, hora_fin, dia_semana, id_zona, id_categoria_residuo) VALUES (13, '08:30:00', '10:30:00', 1, 1, 4);
INSERT INTO public.horarios_recoleccion (id_horario_recoleccion, hora_inicio, hora_fin, dia_semana, id_zona, id_categoria_residuo) VALUES (14, '08:30:00', '10:30:00', 4, 1, 4);
INSERT INTO public.horarios_recoleccion (id_horario_recoleccion, hora_inicio, hora_fin, dia_semana, id_zona, id_categoria_residuo) VALUES (15, '08:30:00', '10:00:00', 3, 1, 3);
INSERT INTO public.horarios_recoleccion (id_horario_recoleccion, hora_inicio, hora_fin, dia_semana, id_zona, id_categoria_residuo) VALUES (16, '10:30:00', '12:30:00', 5, 1, 5);
INSERT INTO public.horarios_recoleccion (id_horario_recoleccion, hora_inicio, hora_fin, dia_semana, id_zona, id_categoria_residuo) VALUES (17, '13:00:00', '15:00:00', 6, 1, 6);
INSERT INTO public.horarios_recoleccion (id_horario_recoleccion, hora_inicio, hora_fin, dia_semana, id_zona, id_categoria_residuo) VALUES (18, '15:30:00', '17:00:00', 6, 1, 7);
INSERT INTO public.horarios_recoleccion (id_horario_recoleccion, hora_inicio, hora_fin, dia_semana, id_zona, id_categoria_residuo) VALUES (19, '15:00:00', '16:00:00', 3, 1, 8);


--
-- Data for Name: mapas; Type: TABLE DATA; Schema: public; Owner: Crist
--

INSERT INTO public.mapas (id_mapa, nombre_mapa, center, bbox, zoom_inicial, zoom_min, zoom_max) VALUES (1, 'Ushuaia', '0101000020E61000000DBC3A15521451C0F42483535C674BC0', '0103000020E61000000100000005000000E80A039B881951C04A70D1A2066E4BC0E80A039B881951C069EED1BF83614BC00AC218EE7F0C51C069EED1BF83614BC00AC218EE7F0C51C04A70D1A2066E4BC0E80A039B881951C04A70D1A2066E4BC0', 12.0, 9.0, 18.0);


--
-- Data for Name: medicion_sensores; Type: TABLE DATA; Schema: public; Owner: Crist
--



--
-- Data for Name: notificaciones; Type: TABLE DATA; Schema: public; Owner: Crist
--



--
-- Data for Name: registro_recolecciones; Type: TABLE DATA; Schema: public; Owner: Crist
--



--
-- Data for Name: residuos; Type: TABLE DATA; Schema: public; Owner: Crist
--

INSERT INTO public.residuos (id_residuo, nombre, peso, instruccion_reciclado, descripcion, id_categoria_residuos, color_hex) VALUES (5, 'Orgnico', 0.10, 'Separar restos de comida y materia biodegradable.', 'Residuos biodegradables y restos de alimentos.', 2, '#4D7C00');
INSERT INTO public.residuos (id_residuo, nombre, peso, instruccion_reciclado, descripcion, id_categoria_residuos, color_hex) VALUES (2, 'Papel y Cartn', 0.03, 'Mantener seco y limpio para reciclar.', 'Papel de diario, revistas, cartones y cajas para reciclar.', 3, '#0EA5E9');
INSERT INTO public.residuos (id_residuo, nombre, peso, instruccion_reciclado, descripcion, id_categoria_residuos, color_hex) VALUES (1, 'Plastico', 0.02, 'Lavar y secar antes de reciclar. No incluir plsticos contaminados con alimentos o qumicos.', 'Envases y objetos de plstico que pueden ser reciclados, como botellas, bolsas y recipientes.', 4, '#14B8A6');
INSERT INTO public.residuos (id_residuo, nombre, peso, instruccion_reciclado, descripcion, id_categoria_residuos, color_hex) VALUES (4, 'Metales', 0.04, 'Vaciar y limpiar latas.', 'Latas de aluminio, latas de conserva y otros metales reciclables.', 4, '#52525B');
INSERT INTO public.residuos (id_residuo, nombre, peso, instruccion_reciclado, descripcion, id_categoria_residuos, color_hex) VALUES (9, 'Voluminosos', 0.20, 'No tirar en contenedores comunes. Llevar a puntos de recoleccin especficos.', 'Muebles, electrodomsticos, grandes, colchones, y otros objetos voluminosos.', 6, '#D97706');
INSERT INTO public.residuos (id_residuo, nombre, peso, instruccion_reciclado, descripcion, id_categoria_residuos, color_hex) VALUES (7, 'Textiles', 0.08, 'Ropa y telas limpias para reciclaje o donacin.', 'Ropa, telas y calzado para reciclar o reutilizar.', 7, '#DB2777');
INSERT INTO public.residuos (id_residuo, nombre, peso, instruccion_reciclado, descripcion, id_categoria_residuos, color_hex) VALUES (6, 'Electrnicos', 0.15, 'No tirar en contenedores comunes. Llevar a puntos especiales de reciclaje.', 'Aparatos elctricos y electrnicos en desuso.', 7, '#7C3AED');
INSERT INTO public.residuos (id_residuo, nombre, peso, instruccion_reciclado, descripcion, id_categoria_residuos, color_hex) VALUES (11, 'Sanitarios', 0.05, 'Manipular con cuidado. Llevar a centros de gestin sanitaria autorizados.', 'Material mdico descartable, jeringas, gasas, y otros residuos hospitalarios', 8, '#0891B2');
INSERT INTO public.residuos (id_residuo, nombre, peso, instruccion_reciclado, descripcion, id_categoria_residuos, color_hex) VALUES (10, 'Construccin y demolicin', 0.25, 'No mezclar con residuos domsticos. Llevar a centros especializados.', 'Escombos, restos de obras, materiales como ladrillos, cemento, yeso.', 6, '#8B5E34');
INSERT INTO public.residuos (id_residuo, nombre, peso, instruccion_reciclado, descripcion, id_categoria_residuos, color_hex) VALUES (3, 'Vidrio', 0.05, 'No romper botellas. Lavar antes de reciclar.', 'Botellas y frascos de vidrio reciclables.', 5, '#16A34A');
INSERT INTO public.residuos (id_residuo, nombre, peso, instruccion_reciclado, descripcion, id_categoria_residuos, color_hex) VALUES (8, 'Peligrosos', 0.01, 'Llevar a puntos especiales. No mezclar con otros residuos.', 'Pilas, bateras, medicamentos y productos qumicos.', 8, '#DC2626');


--
-- Data for Name: sensor_estado_historial; Type: TABLE DATA; Schema: public; Owner: Crist
--



--
-- Data for Name: sensor_estados_tipos; Type: TABLE DATA; Schema: public; Owner: Crist
--



--
-- Data for Name: sensores; Type: TABLE DATA; Schema: public; Owner: Crist
--



--
-- Data for Name: spatial_ref_sys; Type: TABLE DATA; Schema: public; Owner: Crist
--



--
-- Data for Name: tipo_usuarios; Type: TABLE DATA; Schema: public; Owner: Crist
--

INSERT INTO public.tipo_usuarios (id_tipo_usuario, tipo_usuario) VALUES (1, 'usuario');
INSERT INTO public.tipo_usuarios (id_tipo_usuario, tipo_usuario) VALUES (2, 'recolector');
INSERT INTO public.tipo_usuarios (id_tipo_usuario, tipo_usuario) VALUES (3, 'administrativo');


--
-- Data for Name: umbral_llenado; Type: TABLE DATA; Schema: public; Owner: Crist
--

INSERT INTO public.umbral_llenado (id_umbral_llenado, bajo_max, medio_max, alto_max) VALUES (1, 25.00, 55.00, 80.00);


--
-- Data for Name: usuarios; Type: TABLE DATA; Schema: public; Owner: Crist
--

INSERT INTO public.usuarios (id_usuario, nombre_usuario, apellido_usuario, email, id_direccion, id_zona, id_tipo_usuario, user_id) VALUES (1, 'prueba nombre', 'prueba apellido', 'prueba@gmail.com', NULL, NULL, 1, NULL);
INSERT INTO public.usuarios (id_usuario, nombre_usuario, apellido_usuario, email, id_direccion, id_zona, id_tipo_usuario, user_id) VALUES (2, 'nombre uno', 'apellido uno', 'email@gmail.com', NULL, NULL, NULL, NULL);
INSERT INTO public.usuarios (id_usuario, nombre_usuario, apellido_usuario, email, id_direccion, id_zona, id_tipo_usuario, user_id) VALUES (3, 'Cristian', 'Maidana', 'cristian@gmail.com', NULL, NULL, 1, NULL);


--
-- Data for Name: usuarios_historiales_residuos; Type: TABLE DATA; Schema: public; Owner: Crist
--



--
-- Data for Name: usuarios_registro_contenedores; Type: TABLE DATA; Schema: public; Owner: Crist
--



--
-- Data for Name: usuarios_tienen_notificaciones; Type: TABLE DATA; Schema: public; Owner: Crist
--



--
-- Data for Name: zonas; Type: TABLE DATA; Schema: public; Owner: Crist
--

INSERT INTO public.zonas (id_zona, nombre_zona, color_zona, id_mapa, id_calendario, coordenada) VALUES (1, 'Zona 1', '#A8C4A2', 1, NULL, '0106000020E61000000100000001030000000100000014000000F016BC90DA1551C0EA3735991F694BC0C67EC8A7D81551C08A56BB402C694BC02DF0EF422B1651C0C3DD17466E694BC0ADB08C8A3A1651C08435902188694BC004115B2E421651C0F29C48FEB7694BC0E0755E19241651C0791DEE4BC6694BC055677840161651C0B4D4FBF8616A4BC0BF0A49D6091651C0258EE7126E6A4BC0FB94ECF3DC1551C07B423A06736A4BC02002C45F941551C0DE046A79726A4BC094F3DD86861551C07BCFDE373E6A4BC0141C87E5931551C0BE0D9990266A4BC02A997045171551C00335F0FEC2694BC05CF635BD021551C05807226290694BC03FDC7237031551C0817362A077694BC0A0227E550B1551C0493B0DEA4E694BC032C64EEBFE1451C01061FD2736694BC09E8A8A6C091551C0A9AB560D2A694BC03617A1A8191551C095E8D346E5684BC0F016BC90DA1551C0EA3735991F694BC0');


--
-- Name: auth_group_id_seq; Type: SEQUENCE SET; Schema: public; Owner: Crist
--

SELECT pg_catalog.setval('public.auth_group_id_seq', 1, false);


--
-- Name: auth_group_permissions_id_seq; Type: SEQUENCE SET; Schema: public; Owner: Crist
--

SELECT pg_catalog.setval('public.auth_group_permissions_id_seq', 1, false);


--
-- Name: auth_permission_id_seq; Type: SEQUENCE SET; Schema: public; Owner: Crist
--

SELECT pg_catalog.setval('public.auth_permission_id_seq', 124, true);


--
-- Name: auth_user_groups_id_seq; Type: SEQUENCE SET; Schema: public; Owner: Crist
--

SELECT pg_catalog.setval('public.auth_user_groups_id_seq', 1, false);


--
-- Name: auth_user_id_seq; Type: SEQUENCE SET; Schema: public; Owner: Crist
--

SELECT pg_catalog.setval('public.auth_user_id_seq', 1, true);


--
-- Name: auth_user_user_permissions_id_seq; Type: SEQUENCE SET; Schema: public; Owner: Crist
--

SELECT pg_catalog.setval('public.auth_user_user_permissions_id_seq', 1, false);


--
-- Name: calendarios_id_calendario_seq; Type: SEQUENCE SET; Schema: public; Owner: Crist
--

SELECT pg_catalog.setval('public.calendarios_id_calendario_seq', 25, true);


--
-- Name: categoria_noticias_id_categoria_noticias_seq; Type: SEQUENCE SET; Schema: public; Owner: Crist
--

SELECT pg_catalog.setval('public.categoria_noticias_id_categoria_noticias_seq', 8, true);


--
-- Name: categoria_residuos_id_categoria_residuo_seq; Type: SEQUENCE SET; Schema: public; Owner: Crist
--

SELECT pg_catalog.setval('public.categoria_residuos_id_categoria_residuo_seq', 8, true);


--
-- Name: contenedores_id_contenedor_seq; Type: SEQUENCE SET; Schema: public; Owner: Crist
--

SELECT pg_catalog.setval('public.contenedores_id_contenedor_seq', 22, true);


--
-- Name: direcciones_id_direccion_seq; Type: SEQUENCE SET; Schema: public; Owner: Crist
--

SELECT pg_catalog.setval('public.direcciones_id_direccion_seq', 1, false);


--
-- Name: django_admin_log_id_seq; Type: SEQUENCE SET; Schema: public; Owner: Crist
--

SELECT pg_catalog.setval('public.django_admin_log_id_seq', 1, false);


--
-- Name: django_content_type_id_seq; Type: SEQUENCE SET; Schema: public; Owner: Crist
--

SELECT pg_catalog.setval('public.django_content_type_id_seq', 31, true);


--
-- Name: django_migrations_id_seq; Type: SEQUENCE SET; Schema: public; Owner: Crist
--

SELECT pg_catalog.setval('public.django_migrations_id_seq', 26, true);


--
-- Name: estados_id_estado_seq; Type: SEQUENCE SET; Schema: public; Owner: Crist
--

SELECT pg_catalog.setval('public.estados_id_estado_seq', 1, false);


--
-- Name: excepciones_recolecciones_id_excepciones_recoleccion_seq; Type: SEQUENCE SET; Schema: public; Owner: Crist
--

SELECT pg_catalog.setval('public.excepciones_recolecciones_id_excepciones_recoleccion_seq', 1, false);


--
-- Name: horarios_recoleccion_id_horario_recoleccion_seq; Type: SEQUENCE SET; Schema: public; Owner: Crist
--

SELECT pg_catalog.setval('public.horarios_recoleccion_id_horario_recoleccion_seq', 19, true);


--
-- Name: mapas_id_mapa_seq; Type: SEQUENCE SET; Schema: public; Owner: Crist
--

SELECT pg_catalog.setval('public.mapas_id_mapa_seq', 2, true);


--
-- Name: medicion_sensores_id_medicion_sensor_seq; Type: SEQUENCE SET; Schema: public; Owner: Crist
--

SELECT pg_catalog.setval('public.medicion_sensores_id_medicion_sensor_seq', 1, false);


--
-- Name: notificaciones_id_notificacion_seq; Type: SEQUENCE SET; Schema: public; Owner: Crist
--

SELECT pg_catalog.setval('public.notificaciones_id_notificacion_seq', 1, false);


--
-- Name: registro_recolecciones_id_registro_recoleccion_seq; Type: SEQUENCE SET; Schema: public; Owner: Crist
--

SELECT pg_catalog.setval('public.registro_recolecciones_id_registro_recoleccion_seq', 1, false);


--
-- Name: residuos_id_residuo_seq; Type: SEQUENCE SET; Schema: public; Owner: Crist
--

SELECT pg_catalog.setval('public.residuos_id_residuo_seq', 17, true);


--
-- Name: sensor_estados_tipos_id_sensor_estado_tipos_seq; Type: SEQUENCE SET; Schema: public; Owner: Crist
--

SELECT pg_catalog.setval('public.sensor_estados_tipos_id_sensor_estado_tipos_seq', 1, false);


--
-- Name: sensores_id_sensor_seq; Type: SEQUENCE SET; Schema: public; Owner: Crist
--

SELECT pg_catalog.setval('public.sensores_id_sensor_seq', 1, false);


--
-- Name: tipo_usuarios_id_tipo_usuario_seq; Type: SEQUENCE SET; Schema: public; Owner: Crist
--

SELECT pg_catalog.setval('public.tipo_usuarios_id_tipo_usuario_seq', 3, true);


--
-- Name: umbral_llenado_id_umbral_llenado_seq; Type: SEQUENCE SET; Schema: public; Owner: Crist
--

SELECT pg_catalog.setval('public.umbral_llenado_id_umbral_llenado_seq', 1, true);


--
-- Name: usuario_historiales_id_usuario_historial_seq; Type: SEQUENCE SET; Schema: public; Owner: Crist
--

SELECT pg_catalog.setval('public.usuario_historiales_id_usuario_historial_seq', 1, false);


--
-- Name: usuarios_id_usuario_seq; Type: SEQUENCE SET; Schema: public; Owner: Crist
--

SELECT pg_catalog.setval('public.usuarios_id_usuario_seq', 4, true);


--
-- Name: usuarios_registro_contenedore_id_usuario_registro_contenedo_seq; Type: SEQUENCE SET; Schema: public; Owner: Crist
--

SELECT pg_catalog.setval('public.usuarios_registro_contenedore_id_usuario_registro_contenedo_seq', 1, false);


--
-- Name: usuarios_tienen_notificaciones_id_usuario_notificacion_seq; Type: SEQUENCE SET; Schema: public; Owner: Crist
--

SELECT pg_catalog.setval('public.usuarios_tienen_notificaciones_id_usuario_notificacion_seq', 1, false);


--
-- Name: zonas_id_zona_seq; Type: SEQUENCE SET; Schema: public; Owner: Crist
--

SELECT pg_catalog.setval('public.zonas_id_zona_seq', 2, true);


--
-- Name: auth_group auth_group_name_key; Type: CONSTRAINT; Schema: public; Owner: Crist
--

ALTER TABLE ONLY public.auth_group
    ADD CONSTRAINT auth_group_name_key UNIQUE (name);


--
-- Name: auth_group_permissions auth_group_permissions_group_id_permission_id_0cd325b0_uniq; Type: CONSTRAINT; Schema: public; Owner: Crist
--

ALTER TABLE ONLY public.auth_group_permissions
    ADD CONSTRAINT auth_group_permissions_group_id_permission_id_0cd325b0_uniq UNIQUE (group_id, permission_id);


--
-- Name: auth_group_permissions auth_group_permissions_pkey; Type: CONSTRAINT; Schema: public; Owner: Crist
--

ALTER TABLE ONLY public.auth_group_permissions
    ADD CONSTRAINT auth_group_permissions_pkey PRIMARY KEY (id);


--
-- Name: auth_group auth_group_pkey; Type: CONSTRAINT; Schema: public; Owner: Crist
--

ALTER TABLE ONLY public.auth_group
    ADD CONSTRAINT auth_group_pkey PRIMARY KEY (id);


--
-- Name: auth_permission auth_permission_content_type_id_codename_01ab375a_uniq; Type: CONSTRAINT; Schema: public; Owner: Crist
--

ALTER TABLE ONLY public.auth_permission
    ADD CONSTRAINT auth_permission_content_type_id_codename_01ab375a_uniq UNIQUE (content_type_id, codename);


--
-- Name: auth_permission auth_permission_pkey; Type: CONSTRAINT; Schema: public; Owner: Crist
--

ALTER TABLE ONLY public.auth_permission
    ADD CONSTRAINT auth_permission_pkey PRIMARY KEY (id);


--
-- Name: auth_user_groups auth_user_groups_pkey; Type: CONSTRAINT; Schema: public; Owner: Crist
--

ALTER TABLE ONLY public.auth_user_groups
    ADD CONSTRAINT auth_user_groups_pkey PRIMARY KEY (id);


--
-- Name: auth_user_groups auth_user_groups_user_id_group_id_94350c0c_uniq; Type: CONSTRAINT; Schema: public; Owner: Crist
--

ALTER TABLE ONLY public.auth_user_groups
    ADD CONSTRAINT auth_user_groups_user_id_group_id_94350c0c_uniq UNIQUE (user_id, group_id);


--
-- Name: auth_user auth_user_pkey; Type: CONSTRAINT; Schema: public; Owner: Crist
--

ALTER TABLE ONLY public.auth_user
    ADD CONSTRAINT auth_user_pkey PRIMARY KEY (id);


--
-- Name: auth_user_user_permissions auth_user_user_permissions_pkey; Type: CONSTRAINT; Schema: public; Owner: Crist
--

ALTER TABLE ONLY public.auth_user_user_permissions
    ADD CONSTRAINT auth_user_user_permissions_pkey PRIMARY KEY (id);


--
-- Name: auth_user_user_permissions auth_user_user_permissions_user_id_permission_id_14a6b632_uniq; Type: CONSTRAINT; Schema: public; Owner: Crist
--

ALTER TABLE ONLY public.auth_user_user_permissions
    ADD CONSTRAINT auth_user_user_permissions_user_id_permission_id_14a6b632_uniq UNIQUE (user_id, permission_id);


--
-- Name: auth_user auth_user_username_key; Type: CONSTRAINT; Schema: public; Owner: Crist
--

ALTER TABLE ONLY public.auth_user
    ADD CONSTRAINT auth_user_username_key UNIQUE (username);


--
-- Name: calendarios calendarios_pkey; Type: CONSTRAINT; Schema: public; Owner: Crist
--

ALTER TABLE ONLY public.calendarios
    ADD CONSTRAINT calendarios_pkey PRIMARY KEY (id_calendario);


--
-- Name: categoria_noticias categoria_noticias_categoria_key; Type: CONSTRAINT; Schema: public; Owner: Crist
--

ALTER TABLE ONLY public.categoria_noticias
    ADD CONSTRAINT categoria_noticias_categoria_key UNIQUE (categoria);


--
-- Name: categoria_noticias categoria_noticias_color_hex_key; Type: CONSTRAINT; Schema: public; Owner: Crist
--

ALTER TABLE ONLY public.categoria_noticias
    ADD CONSTRAINT categoria_noticias_color_hex_key UNIQUE (color_hex);


--
-- Name: categoria_noticias categoria_noticias_pkey; Type: CONSTRAINT; Schema: public; Owner: Crist
--

ALTER TABLE ONLY public.categoria_noticias
    ADD CONSTRAINT categoria_noticias_pkey PRIMARY KEY (id_categoria_noticias);


--
-- Name: categoria_residuos categoria_residuos_categoria_key; Type: CONSTRAINT; Schema: public; Owner: Crist
--

ALTER TABLE ONLY public.categoria_residuos
    ADD CONSTRAINT categoria_residuos_categoria_key UNIQUE (categoria);


--
-- Name: categoria_residuos categoria_residuos_color_hex_key; Type: CONSTRAINT; Schema: public; Owner: Crist
--

ALTER TABLE ONLY public.categoria_residuos
    ADD CONSTRAINT categoria_residuos_color_hex_key UNIQUE (color_hex);


--
-- Name: categoria_residuos categoria_residuos_pkey; Type: CONSTRAINT; Schema: public; Owner: Crist
--

ALTER TABLE ONLY public.categoria_residuos
    ADD CONSTRAINT categoria_residuos_pkey PRIMARY KEY (id_categoria_residuo);


--
-- Name: contenedores contenedores_coordenda_key; Type: CONSTRAINT; Schema: public; Owner: Crist
--

ALTER TABLE ONLY public.contenedores
    ADD CONSTRAINT contenedores_coordenda_key UNIQUE (coordenada);


--
-- Name: contenedores contenedores_nombre_contenedor_id_mapa_key; Type: CONSTRAINT; Schema: public; Owner: Crist
--

ALTER TABLE ONLY public.contenedores
    ADD CONSTRAINT contenedores_nombre_contenedor_id_mapa_key UNIQUE (nombre_contenedor, id_mapa);


--
-- Name: contenedores contenedores_pkey; Type: CONSTRAINT; Schema: public; Owner: Crist
--

ALTER TABLE ONLY public.contenedores
    ADD CONSTRAINT contenedores_pkey PRIMARY KEY (id_contenedor);


--
-- Name: direcciones direcciones_coordenada_key; Type: CONSTRAINT; Schema: public; Owner: Crist
--

ALTER TABLE ONLY public.direcciones
    ADD CONSTRAINT direcciones_coordenada_key UNIQUE (coordenada);


--
-- Name: direcciones direcciones_pkey; Type: CONSTRAINT; Schema: public; Owner: Crist
--

ALTER TABLE ONLY public.direcciones
    ADD CONSTRAINT direcciones_pkey PRIMARY KEY (id_direccion);


--
-- Name: django_admin_log django_admin_log_pkey; Type: CONSTRAINT; Schema: public; Owner: Crist
--

ALTER TABLE ONLY public.django_admin_log
    ADD CONSTRAINT django_admin_log_pkey PRIMARY KEY (id);


--
-- Name: django_content_type django_content_type_app_label_model_76bd3d3b_uniq; Type: CONSTRAINT; Schema: public; Owner: Crist
--

ALTER TABLE ONLY public.django_content_type
    ADD CONSTRAINT django_content_type_app_label_model_76bd3d3b_uniq UNIQUE (app_label, model);


--
-- Name: django_content_type django_content_type_pkey; Type: CONSTRAINT; Schema: public; Owner: Crist
--

ALTER TABLE ONLY public.django_content_type
    ADD CONSTRAINT django_content_type_pkey PRIMARY KEY (id);


--
-- Name: django_migrations django_migrations_pkey; Type: CONSTRAINT; Schema: public; Owner: Crist
--

ALTER TABLE ONLY public.django_migrations
    ADD CONSTRAINT django_migrations_pkey PRIMARY KEY (id);


--
-- Name: django_session django_session_pkey; Type: CONSTRAINT; Schema: public; Owner: Crist
--

ALTER TABLE ONLY public.django_session
    ADD CONSTRAINT django_session_pkey PRIMARY KEY (session_key);


--
-- Name: sensor_estado_historial estados_pkey; Type: CONSTRAINT; Schema: public; Owner: Crist
--

ALTER TABLE ONLY public.sensor_estado_historial
    ADD CONSTRAINT estados_pkey PRIMARY KEY (id_estado);


--
-- Name: excepciones_recolecciones excepciones_recolecciones_pkey; Type: CONSTRAINT; Schema: public; Owner: Crist
--

ALTER TABLE ONLY public.excepciones_recolecciones
    ADD CONSTRAINT excepciones_recolecciones_pkey PRIMARY KEY (id_excepciones_recoleccion);


--
-- Name: horarios_recoleccion horarios_recoleccion_pkey; Type: CONSTRAINT; Schema: public; Owner: Crist
--

ALTER TABLE ONLY public.horarios_recoleccion
    ADD CONSTRAINT horarios_recoleccion_pkey PRIMARY KEY (id_horario_recoleccion);


--
-- Name: mapas mapas_nombre_mapa_key; Type: CONSTRAINT; Schema: public; Owner: Crist
--

ALTER TABLE ONLY public.mapas
    ADD CONSTRAINT mapas_nombre_mapa_key UNIQUE (nombre_mapa);


--
-- Name: mapas mapas_pkey; Type: CONSTRAINT; Schema: public; Owner: Crist
--

ALTER TABLE ONLY public.mapas
    ADD CONSTRAINT mapas_pkey PRIMARY KEY (id_mapa);


--
-- Name: medicion_sensores medicion_sensores_pkey; Type: CONSTRAINT; Schema: public; Owner: Crist
--

ALTER TABLE ONLY public.medicion_sensores
    ADD CONSTRAINT medicion_sensores_pkey PRIMARY KEY (id_medicion_sensor);


--
-- Name: notificaciones notificaciones_pkey; Type: CONSTRAINT; Schema: public; Owner: Crist
--

ALTER TABLE ONLY public.notificaciones
    ADD CONSTRAINT notificaciones_pkey PRIMARY KEY (id_notificacion);


--
-- Name: registro_recolecciones registro_recolecciones_pkey; Type: CONSTRAINT; Schema: public; Owner: Crist
--

ALTER TABLE ONLY public.registro_recolecciones
    ADD CONSTRAINT registro_recolecciones_pkey PRIMARY KEY (id_registro_recoleccion);


--
-- Name: residuos residuos_color_hex_key; Type: CONSTRAINT; Schema: public; Owner: Crist
--

ALTER TABLE ONLY public.residuos
    ADD CONSTRAINT residuos_color_hex_key UNIQUE (color_hex);


--
-- Name: residuos residuos_nombre_key; Type: CONSTRAINT; Schema: public; Owner: Crist
--

ALTER TABLE ONLY public.residuos
    ADD CONSTRAINT residuos_nombre_key UNIQUE (nombre);


--
-- Name: residuos residuos_pkey; Type: CONSTRAINT; Schema: public; Owner: Crist
--

ALTER TABLE ONLY public.residuos
    ADD CONSTRAINT residuos_pkey PRIMARY KEY (id_residuo);


--
-- Name: sensor_estados_tipos sensor_estados_tipos_estado_key; Type: CONSTRAINT; Schema: public; Owner: Crist
--

ALTER TABLE ONLY public.sensor_estados_tipos
    ADD CONSTRAINT sensor_estados_tipos_estado_key UNIQUE (estado);


--
-- Name: sensor_estados_tipos sensor_estados_tipos_pkey; Type: CONSTRAINT; Schema: public; Owner: Crist
--

ALTER TABLE ONLY public.sensor_estados_tipos
    ADD CONSTRAINT sensor_estados_tipos_pkey PRIMARY KEY (id_sensor_estado_tipos);


--
-- Name: sensores sensores_id_contenedor_nombre_sensor_key; Type: CONSTRAINT; Schema: public; Owner: Crist
--

ALTER TABLE ONLY public.sensores
    ADD CONSTRAINT sensores_id_contenedor_nombre_sensor_key UNIQUE (id_contenedor, nombre_sensor);


--
-- Name: sensores sensores_numero_serie_key; Type: CONSTRAINT; Schema: public; Owner: Crist
--

ALTER TABLE ONLY public.sensores
    ADD CONSTRAINT sensores_numero_serie_key UNIQUE (numero_serie);


--
-- Name: sensores sensores_pkey; Type: CONSTRAINT; Schema: public; Owner: Crist
--

ALTER TABLE ONLY public.sensores
    ADD CONSTRAINT sensores_pkey PRIMARY KEY (id_sensor);


--
-- Name: tipo_usuarios tipo_usuarios_pkey; Type: CONSTRAINT; Schema: public; Owner: Crist
--

ALTER TABLE ONLY public.tipo_usuarios
    ADD CONSTRAINT tipo_usuarios_pkey PRIMARY KEY (id_tipo_usuario);


--
-- Name: tipo_usuarios tipo_usuarios_tipo_usuario_key; Type: CONSTRAINT; Schema: public; Owner: Crist
--

ALTER TABLE ONLY public.tipo_usuarios
    ADD CONSTRAINT tipo_usuarios_tipo_usuario_key UNIQUE (tipo_usuario);


--
-- Name: umbral_llenado umbral_llenado_pkey; Type: CONSTRAINT; Schema: public; Owner: Crist
--

ALTER TABLE ONLY public.umbral_llenado
    ADD CONSTRAINT umbral_llenado_pkey PRIMARY KEY (id_umbral_llenado);


--
-- Name: usuarios_historiales_residuos usuario_historiales_id_usuario_id_residuo_key; Type: CONSTRAINT; Schema: public; Owner: Crist
--

ALTER TABLE ONLY public.usuarios_historiales_residuos
    ADD CONSTRAINT usuario_historiales_id_usuario_id_residuo_key UNIQUE (id_usuario, id_residuo);


--
-- Name: usuarios_historiales_residuos usuario_historiales_pkey; Type: CONSTRAINT; Schema: public; Owner: Crist
--

ALTER TABLE ONLY public.usuarios_historiales_residuos
    ADD CONSTRAINT usuario_historiales_pkey PRIMARY KEY (id_usuario_historial_residuos);


--
-- Name: usuarios usuarios_email_ef44a1d6_uniq; Type: CONSTRAINT; Schema: public; Owner: Crist
--

ALTER TABLE ONLY public.usuarios
    ADD CONSTRAINT usuarios_email_ef44a1d6_uniq UNIQUE (email);


--
-- Name: usuarios usuarios_email_key; Type: CONSTRAINT; Schema: public; Owner: Crist
--

ALTER TABLE ONLY public.usuarios
    ADD CONSTRAINT usuarios_email_key UNIQUE (email);


--
-- Name: usuarios usuarios_pkey; Type: CONSTRAINT; Schema: public; Owner: Crist
--

ALTER TABLE ONLY public.usuarios
    ADD CONSTRAINT usuarios_pkey PRIMARY KEY (id_usuario);


--
-- Name: usuarios_registro_contenedores usuarios_registro_contenedores_id_usuario_id_contenedor_key; Type: CONSTRAINT; Schema: public; Owner: Crist
--

ALTER TABLE ONLY public.usuarios_registro_contenedores
    ADD CONSTRAINT usuarios_registro_contenedores_id_usuario_id_contenedor_key UNIQUE (id_usuario, id_contenedor);


--
-- Name: usuarios_registro_contenedores usuarios_registro_contenedores_pkey; Type: CONSTRAINT; Schema: public; Owner: Crist
--

ALTER TABLE ONLY public.usuarios_registro_contenedores
    ADD CONSTRAINT usuarios_registro_contenedores_pkey PRIMARY KEY (id_usuario_registro_contenedor);


--
-- Name: usuarios_tienen_notificaciones usuarios_tienen_notificaciones_id_usuario_id_notificaciones_key; Type: CONSTRAINT; Schema: public; Owner: Crist
--

ALTER TABLE ONLY public.usuarios_tienen_notificaciones
    ADD CONSTRAINT usuarios_tienen_notificaciones_id_usuario_id_notificaciones_key UNIQUE (id_usuario, id_notificaciones);


--
-- Name: usuarios_tienen_notificaciones usuarios_tienen_notificaciones_pkey; Type: CONSTRAINT; Schema: public; Owner: Crist
--

ALTER TABLE ONLY public.usuarios_tienen_notificaciones
    ADD CONSTRAINT usuarios_tienen_notificaciones_pkey PRIMARY KEY (id_usuario_notificacion);


--
-- Name: usuarios usuarios_user_id_key; Type: CONSTRAINT; Schema: public; Owner: Crist
--

ALTER TABLE ONLY public.usuarios
    ADD CONSTRAINT usuarios_user_id_key UNIQUE (user_id);


--
-- Name: zonas zonas_color_zona_id_mapa_key; Type: CONSTRAINT; Schema: public; Owner: Crist
--

ALTER TABLE ONLY public.zonas
    ADD CONSTRAINT zonas_color_zona_id_mapa_key UNIQUE (color_zona, id_mapa);


--
-- Name: zonas zonas_coordenada_key; Type: CONSTRAINT; Schema: public; Owner: Crist
--

ALTER TABLE ONLY public.zonas
    ADD CONSTRAINT zonas_coordenada_key UNIQUE (coordenada);


--
-- Name: zonas zonas_nombre_zona_id_mapa_key; Type: CONSTRAINT; Schema: public; Owner: Crist
--

ALTER TABLE ONLY public.zonas
    ADD CONSTRAINT zonas_nombre_zona_id_mapa_key UNIQUE (nombre_zona, id_mapa);


--
-- Name: zonas zonas_pkey; Type: CONSTRAINT; Schema: public; Owner: Crist
--

ALTER TABLE ONLY public.zonas
    ADD CONSTRAINT zonas_pkey PRIMARY KEY (id_zona);


--
-- Name: auth_group_name_a6ea08ec_like; Type: INDEX; Schema: public; Owner: Crist
--

CREATE INDEX auth_group_name_a6ea08ec_like ON public.auth_group USING btree (name varchar_pattern_ops);


--
-- Name: auth_group_permissions_group_id_b120cbf9; Type: INDEX; Schema: public; Owner: Crist
--

CREATE INDEX auth_group_permissions_group_id_b120cbf9 ON public.auth_group_permissions USING btree (group_id);


--
-- Name: auth_group_permissions_permission_id_84c5c92e; Type: INDEX; Schema: public; Owner: Crist
--

CREATE INDEX auth_group_permissions_permission_id_84c5c92e ON public.auth_group_permissions USING btree (permission_id);


--
-- Name: auth_permission_content_type_id_2f476e4b; Type: INDEX; Schema: public; Owner: Crist
--

CREATE INDEX auth_permission_content_type_id_2f476e4b ON public.auth_permission USING btree (content_type_id);


--
-- Name: auth_user_groups_group_id_97559544; Type: INDEX; Schema: public; Owner: Crist
--

CREATE INDEX auth_user_groups_group_id_97559544 ON public.auth_user_groups USING btree (group_id);


--
-- Name: auth_user_groups_user_id_6a12ed8b; Type: INDEX; Schema: public; Owner: Crist
--

CREATE INDEX auth_user_groups_user_id_6a12ed8b ON public.auth_user_groups USING btree (user_id);


--
-- Name: auth_user_user_permissions_permission_id_1fbb5f2c; Type: INDEX; Schema: public; Owner: Crist
--

CREATE INDEX auth_user_user_permissions_permission_id_1fbb5f2c ON public.auth_user_user_permissions USING btree (permission_id);


--
-- Name: auth_user_user_permissions_user_id_a95ead1b; Type: INDEX; Schema: public; Owner: Crist
--

CREATE INDEX auth_user_user_permissions_user_id_a95ead1b ON public.auth_user_user_permissions USING btree (user_id);


--
-- Name: auth_user_username_6821ab7c_like; Type: INDEX; Schema: public; Owner: Crist
--

CREATE INDEX auth_user_username_6821ab7c_like ON public.auth_user USING btree (username varchar_pattern_ops);


--
-- Name: django_admin_log_content_type_id_c4bce8eb; Type: INDEX; Schema: public; Owner: Crist
--

CREATE INDEX django_admin_log_content_type_id_c4bce8eb ON public.django_admin_log USING btree (content_type_id);


--
-- Name: django_admin_log_user_id_c564eba6; Type: INDEX; Schema: public; Owner: Crist
--

CREATE INDEX django_admin_log_user_id_c564eba6 ON public.django_admin_log USING btree (user_id);


--
-- Name: django_session_expire_date_a5c62663; Type: INDEX; Schema: public; Owner: Crist
--

CREATE INDEX django_session_expire_date_a5c62663 ON public.django_session USING btree (expire_date);


--
-- Name: django_session_session_key_c0390e0f_like; Type: INDEX; Schema: public; Owner: Crist
--

CREATE INDEX django_session_session_key_c0390e0f_like ON public.django_session USING btree (session_key varchar_pattern_ops);


--
-- Name: usuarios_email_ef44a1d6_like; Type: INDEX; Schema: public; Owner: Crist
--

CREATE INDEX usuarios_email_ef44a1d6_like ON public.usuarios USING btree (email varchar_pattern_ops);


--
-- Name: auth_group_permissions auth_group_permissio_permission_id_84c5c92e_fk_auth_perm; Type: FK CONSTRAINT; Schema: public; Owner: Crist
--

ALTER TABLE ONLY public.auth_group_permissions
    ADD CONSTRAINT auth_group_permissio_permission_id_84c5c92e_fk_auth_perm FOREIGN KEY (permission_id) REFERENCES public.auth_permission(id) DEFERRABLE INITIALLY DEFERRED;


--
-- Name: auth_group_permissions auth_group_permissions_group_id_b120cbf9_fk_auth_group_id; Type: FK CONSTRAINT; Schema: public; Owner: Crist
--

ALTER TABLE ONLY public.auth_group_permissions
    ADD CONSTRAINT auth_group_permissions_group_id_b120cbf9_fk_auth_group_id FOREIGN KEY (group_id) REFERENCES public.auth_group(id) DEFERRABLE INITIALLY DEFERRED;


--
-- Name: auth_permission auth_permission_content_type_id_2f476e4b_fk_django_co; Type: FK CONSTRAINT; Schema: public; Owner: Crist
--

ALTER TABLE ONLY public.auth_permission
    ADD CONSTRAINT auth_permission_content_type_id_2f476e4b_fk_django_co FOREIGN KEY (content_type_id) REFERENCES public.django_content_type(id) DEFERRABLE INITIALLY DEFERRED;


--
-- Name: auth_user_groups auth_user_groups_group_id_97559544_fk_auth_group_id; Type: FK CONSTRAINT; Schema: public; Owner: Crist
--

ALTER TABLE ONLY public.auth_user_groups
    ADD CONSTRAINT auth_user_groups_group_id_97559544_fk_auth_group_id FOREIGN KEY (group_id) REFERENCES public.auth_group(id) DEFERRABLE INITIALLY DEFERRED;


--
-- Name: auth_user_groups auth_user_groups_user_id_6a12ed8b_fk_auth_user_id; Type: FK CONSTRAINT; Schema: public; Owner: Crist
--

ALTER TABLE ONLY public.auth_user_groups
    ADD CONSTRAINT auth_user_groups_user_id_6a12ed8b_fk_auth_user_id FOREIGN KEY (user_id) REFERENCES public.auth_user(id) DEFERRABLE INITIALLY DEFERRED;


--
-- Name: auth_user_user_permissions auth_user_user_permi_permission_id_1fbb5f2c_fk_auth_perm; Type: FK CONSTRAINT; Schema: public; Owner: Crist
--

ALTER TABLE ONLY public.auth_user_user_permissions
    ADD CONSTRAINT auth_user_user_permi_permission_id_1fbb5f2c_fk_auth_perm FOREIGN KEY (permission_id) REFERENCES public.auth_permission(id) DEFERRABLE INITIALLY DEFERRED;


--
-- Name: auth_user_user_permissions auth_user_user_permissions_user_id_a95ead1b_fk_auth_user_id; Type: FK CONSTRAINT; Schema: public; Owner: Crist
--

ALTER TABLE ONLY public.auth_user_user_permissions
    ADD CONSTRAINT auth_user_user_permissions_user_id_a95ead1b_fk_auth_user_id FOREIGN KEY (user_id) REFERENCES public.auth_user(id) DEFERRABLE INITIALLY DEFERRED;


--
-- Name: contenedores contenedores_id_mapa_fkey; Type: FK CONSTRAINT; Schema: public; Owner: Crist
--

ALTER TABLE ONLY public.contenedores
    ADD CONSTRAINT contenedores_id_mapa_fkey FOREIGN KEY (id_mapa) REFERENCES public.mapas(id_mapa);


--
-- Name: contenedores contenedores_id_residuo_fkey; Type: FK CONSTRAINT; Schema: public; Owner: Crist
--

ALTER TABLE ONLY public.contenedores
    ADD CONSTRAINT contenedores_id_residuo_fkey FOREIGN KEY (id_residuo) REFERENCES public.residuos(id_residuo);


--
-- Name: contenedores contenedores_id_zona_fkey; Type: FK CONSTRAINT; Schema: public; Owner: Crist
--

ALTER TABLE ONLY public.contenedores
    ADD CONSTRAINT contenedores_id_zona_fkey FOREIGN KEY (id_zona) REFERENCES public.zonas(id_zona);


--
-- Name: django_admin_log django_admin_log_content_type_id_c4bce8eb_fk_django_co; Type: FK CONSTRAINT; Schema: public; Owner: Crist
--

ALTER TABLE ONLY public.django_admin_log
    ADD CONSTRAINT django_admin_log_content_type_id_c4bce8eb_fk_django_co FOREIGN KEY (content_type_id) REFERENCES public.django_content_type(id) DEFERRABLE INITIALLY DEFERRED;


--
-- Name: django_admin_log django_admin_log_user_id_c564eba6_fk_auth_user_id; Type: FK CONSTRAINT; Schema: public; Owner: Crist
--

ALTER TABLE ONLY public.django_admin_log
    ADD CONSTRAINT django_admin_log_user_id_c564eba6_fk_auth_user_id FOREIGN KEY (user_id) REFERENCES public.auth_user(id) DEFERRABLE INITIALLY DEFERRED;


--
-- Name: sensor_estado_historial estados_id_sensor_fkey; Type: FK CONSTRAINT; Schema: public; Owner: Crist
--

ALTER TABLE ONLY public.sensor_estado_historial
    ADD CONSTRAINT estados_id_sensor_fkey FOREIGN KEY (id_sensor) REFERENCES public.sensores(id_sensor);


--
-- Name: calendarios fk_calendarios_categoria; Type: FK CONSTRAINT; Schema: public; Owner: Crist
--

ALTER TABLE ONLY public.calendarios
    ADD CONSTRAINT fk_calendarios_categoria FOREIGN KEY (categoria_noticia) REFERENCES public.categoria_noticias(id_categoria_noticias);


--
-- Name: horarios_recoleccion fk_categoria_residuo; Type: FK CONSTRAINT; Schema: public; Owner: Crist
--

ALTER TABLE ONLY public.horarios_recoleccion
    ADD CONSTRAINT fk_categoria_residuo FOREIGN KEY (id_categoria_residuo) REFERENCES public.categoria_residuos(id_categoria_residuo);


--
-- Name: residuos fk_categoria_residuos; Type: FK CONSTRAINT; Schema: public; Owner: Crist
--

ALTER TABLE ONLY public.residuos
    ADD CONSTRAINT fk_categoria_residuos FOREIGN KEY (id_categoria_residuos) REFERENCES public.categoria_residuos(id_categoria_residuo);


--
-- Name: excepciones_recolecciones fk_horario_recoleccion; Type: FK CONSTRAINT; Schema: public; Owner: Crist
--

ALTER TABLE ONLY public.excepciones_recolecciones
    ADD CONSTRAINT fk_horario_recoleccion FOREIGN KEY (id_horario_recoleccion) REFERENCES public.horarios_recoleccion(id_horario_recoleccion);


--
-- Name: sensor_estado_historial fk_sensor_estado_tipo; Type: FK CONSTRAINT; Schema: public; Owner: Crist
--

ALTER TABLE ONLY public.sensor_estado_historial
    ADD CONSTRAINT fk_sensor_estado_tipo FOREIGN KEY (id_sensor_estado_tipo) REFERENCES public.sensor_estados_tipos(id_sensor_estado_tipos);


--
-- Name: horarios_recoleccion fk_zona; Type: FK CONSTRAINT; Schema: public; Owner: Crist
--

ALTER TABLE ONLY public.horarios_recoleccion
    ADD CONSTRAINT fk_zona FOREIGN KEY (id_zona) REFERENCES public.zonas(id_zona);


--
-- Name: medicion_sensores medicion_sensores_id_contenedor_fkey; Type: FK CONSTRAINT; Schema: public; Owner: Crist
--

ALTER TABLE ONLY public.medicion_sensores
    ADD CONSTRAINT medicion_sensores_id_contenedor_fkey FOREIGN KEY (id_contenedor) REFERENCES public.contenedores(id_contenedor);


--
-- Name: medicion_sensores medicion_sensores_id_sensor_fkey; Type: FK CONSTRAINT; Schema: public; Owner: Crist
--

ALTER TABLE ONLY public.medicion_sensores
    ADD CONSTRAINT medicion_sensores_id_sensor_fkey FOREIGN KEY (id_sensor) REFERENCES public.sensores(id_sensor);


--
-- Name: registro_recolecciones registro_recolecciones_id_contenedor_fkey; Type: FK CONSTRAINT; Schema: public; Owner: Crist
--

ALTER TABLE ONLY public.registro_recolecciones
    ADD CONSTRAINT registro_recolecciones_id_contenedor_fkey FOREIGN KEY (id_contenedor) REFERENCES public.contenedores(id_contenedor);


--
-- Name: registro_recolecciones registro_recolecciones_id_residuo_fkey; Type: FK CONSTRAINT; Schema: public; Owner: Crist
--

ALTER TABLE ONLY public.registro_recolecciones
    ADD CONSTRAINT registro_recolecciones_id_residuo_fkey FOREIGN KEY (id_residuo) REFERENCES public.residuos(id_residuo);


--
-- Name: registro_recolecciones registro_recolecciones_id_usuario_fkey; Type: FK CONSTRAINT; Schema: public; Owner: Crist
--

ALTER TABLE ONLY public.registro_recolecciones
    ADD CONSTRAINT registro_recolecciones_id_usuario_fkey FOREIGN KEY (id_usuario) REFERENCES public.usuarios(id_usuario);


--
-- Name: registro_recolecciones registro_recolecciones_id_zona_fkey; Type: FK CONSTRAINT; Schema: public; Owner: Crist
--

ALTER TABLE ONLY public.registro_recolecciones
    ADD CONSTRAINT registro_recolecciones_id_zona_fkey FOREIGN KEY (id_zona) REFERENCES public.zonas(id_zona);


--
-- Name: sensores sensores_id_contenedor_fkey; Type: FK CONSTRAINT; Schema: public; Owner: Crist
--

ALTER TABLE ONLY public.sensores
    ADD CONSTRAINT sensores_id_contenedor_fkey FOREIGN KEY (id_contenedor) REFERENCES public.contenedores(id_contenedor);


--
-- Name: usuarios_historiales_residuos usuario_historiales_id_residuo_fkey; Type: FK CONSTRAINT; Schema: public; Owner: Crist
--

ALTER TABLE ONLY public.usuarios_historiales_residuos
    ADD CONSTRAINT usuario_historiales_id_residuo_fkey FOREIGN KEY (id_residuo) REFERENCES public.residuos(id_residuo);


--
-- Name: usuarios_historiales_residuos usuario_historiales_id_usuario_fkey; Type: FK CONSTRAINT; Schema: public; Owner: Crist
--

ALTER TABLE ONLY public.usuarios_historiales_residuos
    ADD CONSTRAINT usuario_historiales_id_usuario_fkey FOREIGN KEY (id_usuario) REFERENCES public.usuarios(id_usuario);


--
-- Name: usuarios usuarios_id_direccion_fkey; Type: FK CONSTRAINT; Schema: public; Owner: Crist
--

ALTER TABLE ONLY public.usuarios
    ADD CONSTRAINT usuarios_id_direccion_fkey FOREIGN KEY (id_direccion) REFERENCES public.direcciones(id_direccion);


--
-- Name: usuarios usuarios_id_tipo_usuario_fkey; Type: FK CONSTRAINT; Schema: public; Owner: Crist
--

ALTER TABLE ONLY public.usuarios
    ADD CONSTRAINT usuarios_id_tipo_usuario_fkey FOREIGN KEY (id_tipo_usuario) REFERENCES public.tipo_usuarios(id_tipo_usuario);


--
-- Name: usuarios usuarios_id_zona_fkey; Type: FK CONSTRAINT; Schema: public; Owner: Crist
--

ALTER TABLE ONLY public.usuarios
    ADD CONSTRAINT usuarios_id_zona_fkey FOREIGN KEY (id_zona) REFERENCES public.zonas(id_zona);


--
-- Name: usuarios_registro_contenedores usuarios_registro_contenedores_id_contenedor_fkey; Type: FK CONSTRAINT; Schema: public; Owner: Crist
--

ALTER TABLE ONLY public.usuarios_registro_contenedores
    ADD CONSTRAINT usuarios_registro_contenedores_id_contenedor_fkey FOREIGN KEY (id_contenedor) REFERENCES public.contenedores(id_contenedor);


--
-- Name: usuarios_registro_contenedores usuarios_registro_contenedores_id_usuario_fkey; Type: FK CONSTRAINT; Schema: public; Owner: Crist
--

ALTER TABLE ONLY public.usuarios_registro_contenedores
    ADD CONSTRAINT usuarios_registro_contenedores_id_usuario_fkey FOREIGN KEY (id_usuario) REFERENCES public.usuarios(id_usuario);


--
-- Name: usuarios_tienen_notificaciones usuarios_tienen_notificaciones_id_notificaciones_fkey; Type: FK CONSTRAINT; Schema: public; Owner: Crist
--

ALTER TABLE ONLY public.usuarios_tienen_notificaciones
    ADD CONSTRAINT usuarios_tienen_notificaciones_id_notificaciones_fkey FOREIGN KEY (id_notificaciones) REFERENCES public.notificaciones(id_notificacion);


--
-- Name: usuarios_tienen_notificaciones usuarios_tienen_notificaciones_id_usuario_fkey; Type: FK CONSTRAINT; Schema: public; Owner: Crist
--

ALTER TABLE ONLY public.usuarios_tienen_notificaciones
    ADD CONSTRAINT usuarios_tienen_notificaciones_id_usuario_fkey FOREIGN KEY (id_usuario) REFERENCES public.usuarios(id_usuario);


--
-- Name: usuarios usuarios_user_id_fkey; Type: FK CONSTRAINT; Schema: public; Owner: Crist
--

ALTER TABLE ONLY public.usuarios
    ADD CONSTRAINT usuarios_user_id_fkey FOREIGN KEY (user_id) REFERENCES public.auth_user(id);


--
-- Name: zonas zonas_id_calendario_fkey; Type: FK CONSTRAINT; Schema: public; Owner: Crist
--

ALTER TABLE ONLY public.zonas
    ADD CONSTRAINT zonas_id_calendario_fkey FOREIGN KEY (id_calendario) REFERENCES public.calendarios(id_calendario);


--
-- Name: zonas zonas_id_mapa_fkey; Type: FK CONSTRAINT; Schema: public; Owner: Crist
--

ALTER TABLE ONLY public.zonas
    ADD CONSTRAINT zonas_id_mapa_fkey FOREIGN KEY (id_mapa) REFERENCES public.mapas(id_mapa);


--
-- PostgreSQL database dump complete
--

